0.0	0.0
0.01000347140503648	0.0
0.02000694281007296	0.0
0.03001041421510944	0.0
0.04001388562014592	0.0
0.050017357025182396	0.0
0.06002082843021888	0.0
0.07002429983525536	0.0
0.08002777124029184	0.0
0.09003124264532832	0.0
0.10003471405036479	0.0
0.11003818545540128	0.0
0.12004165686043776	0.0
0.13004512826547424	0.0
0.14004859967051073	0.0
0.1500520710755472	0.0
0.16005554248058368	0.0
0.17005901388562017	0.0
0.18006248529065663	0.0
0.19006595669569312	0.0
0.20006942810072958	0.0
0.21007289950576608	0.0
0.22007637091080257	0.0
0.23007984231583903	0.0
0.24008331372087552	0.0
0.250086785125912	0.0
0.26009025653094847	0.0
0.27009372793598496	0.0
0.28009719934102145	0.0
0.29010067074605794	0.0
0.3001041421510944	0.0
0.31010761355613087	0.0
0.32011108496116736	0.0
0.33011455636620385	0.0
0.34011802777124034	0.0
0.3501214991762768	0.0
0.36012497058131326	0.0
0.37012844198634975	0.0
0.38013191339138624	0.0
0.39013538479642274	0.0
0.40013885620145917	0.0
0.41014232760649566	0.0
0.42014579901153215	0.0
0.43014927041656864	0.0
0.44015274182160513	0.0
0.4501562132266416	0.0
0.46015968463167806	0.0
0.47016315603671455	0.0
0.48016662744175104	0.0
0.4901700988467875	0.0
0.500173570251824	0.0
0.5101770416568605	0.0
0.5201805130618969	0.0
0.5301839844669335	0.0
0.5401874558719699	0.0
0.5501909272770064	0.0
0.5601943986820429	0.0
0.5701978700870793	0.0
0.5802013414921159	0.0
0.5902048128971523	0.0
0.6002082843021888	0.0
0.6102117557072253	0.0
0.6202152271122617	0.0
0.6302186985172983	0.0
0.6402221699223347	0.0
0.6502256413273712	0.0
0.6602291127324077	0.0
0.6702325841374441	0.0
0.6802360555424807	0.0
0.6902395269475171	0.0
0.7002429983525535	0.0
0.7102464697575901	0.0
0.7202499411626265	0.0
0.7302534125676631	0.0
0.7402568839726995	0.0
0.7502603553777359	0.0
0.7602638267827725	0.0
0.7702672981878089	0.0
0.7802707695928455	0.0
0.7902742409978819	0.0
0.8002777124029183	0.0
0.8102811838079549	0.0
0.8202846552129913	0.0
0.8302881266180279	0.0
0.8402915980230643	0.0
0.8502950694281008	0.0
0.8602985408331373	0.0
0.8703020122381737	0.0
0.8803054836432103	0.0
0.8903089550482467	0.0
0.9003124264532832	0.0
0.9103158978583197	0.0
0.9203193692633561	0.0
0.9303228406683927	0.0
0.9403263120734291	0.0
0.9503297834784656	0.0
0.9603332548835021	0.0
0.9703367262885385	0.0
0.980340197693575	0.0
0.9903436690986115	0.0
1.000347140503648	0.0
1.0103506119086845	0.0
1.020354083313721	0.0
1.0303575547187573	294.0
1.0403610261237939	294.0
1.0503644975288304	0.0
1.060367968933867	0.0
1.0703714403389033	0.0
1.0803749117439398	0.0
1.0903783831489764	0.0
1.1003818545540127	0.0
1.1103853259590493	0.0
1.1203887973640858	0.0
1.1303922687691221	0.0
1.1403957401741587	0.0
1.1503992115791952	0.0
1.1604026829842318	0.0
1.170406154389268	248.0
1.1804096257943046	248.0
1.1904130971993412	0.0
1.2004165686043775	0.0
1.210420040009414	0.0
1.2204235114144506	0.0
1.230426982819487	0.0
1.2404304542245235	0.0
1.25043392562956	0.0
1.2604373970345966	0.0
1.2704408684396329	0.0
1.2804443398446694	301.0
1.290447811249706	305.0
1.3004512826547423	305.0
1.3104547540597788	301.0
1.3204582254648154	0.0
1.330461696869852	0.0
1.3404651682748883	0.0
1.3504686396799248	0.0
1.3604721110849614	0.0
1.3704755824899977	294.0
1.3804790538950342	294.0
1.3904825253000708	294.0
1.400485996705107	294.0
1.4104894681101436	294.0
1.4204929395151802	294.0
1.4304964109202167	0.0
1.440499882325253	0.0
1.4505033537302896	0.0
1.4605068251353261	0.0
1.4705102965403625	0.0
1.480513767945399	0.0
1.4905172393504356	0.0
1.5005207107554719	0.0
1.5105241821605084	0.0
1.520527653565545	0.0
1.5305311249705815	0.0
1.5405345963756178	0.0
1.5505380677806544	0.0
1.560541539185691	0.0
1.5705450105907273	0.0
1.5805484819957638	0.0
1.5905519534008004	0.0
1.6005554248058367	0.0
1.6105588962108732	0.0
1.6205623676159098	294.0
1.6305658390209463	294.0
1.6405693104259826	294.0
1.6505727818310192	294.0
1.6605762532360557	294.0
1.670579724641092	298.0
1.6805831960461286	298.0
1.6905866674511651	294.0
1.7005901388562017	294.0
1.710593610261238	291.0
1.7205970816662746	291.0
1.730600553071311	288.0
1.7406040244763474	281.0
1.750607495881384	278.0
1.7606109672864205	278.0
1.7706144386914568	278.0
1.7806179100964934	284.0
1.79062138150153	298.0
1.8006248529065665	308.0
1.8106283243116028	319.0
1.8206317957166394	327.0
1.830635267121676	331.0
1.8406387385267122	327.0
1.8506422099317488	0.0
1.8606456813367853	0.0
1.8706491527418216	0.0
1.8806526241468582	0.0
1.8906560955518947	298.0
1.9006595669569313	294.0
1.9106630383619676	291.0
1.9206665097670041	288.0
1.9306699811720407	291.0
1.940673452577077	294.0
1.9506769239821136	298.0
1.96068039538715	298.0
1.9706838667921867	298.0
1.980687338197223	298.0
1.9906908096022595	298.0
2.000694281007296	298.0
2.0106977524123324	298.0
2.020701223817369	298.0
2.0307046952224055	298.0
2.040708166627442	298.0
2.0507116380324786	298.0
2.0607151094375147	298.0
2.0707185808425512	298.0
2.0807220522475878	298.0
2.0907255236526243	298.0
2.100728995057661	298.0
2.1107324664626974	298.0
2.120735937867734	298.0
2.13073940927277	298.0
2.1407428806778066	294.0
2.150746352082843	294.0
2.1607498234878797	294.0
2.1707532948929162	294.0
2.180756766297953	301.0
2.190760237702989	305.0
2.2007637091080254	316.0
2.210767180513062	323.0
2.2207706519180985	327.0
2.230774123323135	327.0
2.2407775947281716	323.0
2.250781066133208	319.0
2.2607845375382443	316.0
2.270788008943281	308.0
2.2807914803483174	305.0
2.290794951753354	298.0
2.3007984231583904	294.0
2.310801894563427	294.0
2.3208053659684635	294.0
2.3308088373734996	298.0
2.340812308778536	298.0
2.3508157801835727	305.0
2.3608192515886093	312.0
2.370822722993646	0.0
2.3808261943986824	0.0
2.390829665803719	0.0
2.400833137208755	0.0
2.4108366086137916	0.0
2.420840080018828	0.0
2.4308435514238647	0.0
2.440847022828901	0.0
2.4508504942339377	0.0
2.460853965638974	0.0
2.4708574370440104	0.0
2.480860908449047	0.0
2.4908643798540835	0.0
2.50086785125912	0.0
2.5108713226641566	0.0
2.520874794069193	0.0
2.5308782654742292	0.0
2.5408817368792658	0.0
2.5508852082843023	0.0
2.560888679689339	0.0
2.5708921510943754	0.0
2.580895622499412	0.0
2.5908990939044485	0.0
2.6009025653094846	0.0
2.610906036714521	0.0
2.6209095081195577	0.0
2.6309129795245942	0.0
2.640916450929631	0.0
2.6509199223346673	0.0
2.660923393739704	0.0
2.67092686514474	0.0
2.6809303365497765	0.0
2.690933807954813	0.0
2.7009372793598496	0.0
2.710940750764886	0.0
2.7209442221699227	0.0
2.730947693574959	0.0
2.7409511649799954	0.0
2.750954636385032	0.0
2.7609581077900684	0.0
2.770961579195105	0.0
2.7809650506001415	0.0
2.790968522005178	0.0
2.800971993410214	0.0
2.8109754648152507	0.0
2.8209789362202873	0.0
2.830982407625324	0.0
2.8409858790303604	0.0
2.850989350435397	0.0
2.8609928218404335	0.0
2.8709962932454696	0.0
2.880999764650506	0.0
2.8910032360555427	0.0
2.901006707460579	0.0
2.9110101788656157	0.0
2.9210136502706523	0.0
2.931017121675689	0.0
2.941020593080725	0.0
2.9510240644857615	0.0
2.961027535890798	0.0
2.9710310072958346	0.0
2.981034478700871	0.0
2.9910379501059077	0.0
3.0010414215109438	0.0
3.0110448929159803	0.0
3.021048364321017	0.0
3.0310518357260534	0.0
3.04105530713109	0.0
3.0510587785361265	0.0
3.061062249941163	0.0
3.071065721346199	0.0
3.0810691927512357	0.0
3.0910726641562722	0.0
3.101076135561309	0.0
3.1110796069663453	0.0
3.121083078371382	0.0
3.1310865497764184	0.0
3.1410900211814545	0.0
3.151093492586491	0.0
3.1610969639915276	0.0
3.171100435396564	0.0
3.1811039068016007	0.0
3.1911073782066373	0.0
3.2011108496116734	0.0
3.21111432101671	0.0
3.2211177924217465	0.0
3.231121263826783	0.0
3.2411247352318195	0.0
3.251128206636856	0.0
3.2611316780418926	0.0
3.2711351494469287	0.0
3.2811386208519653	0.0
3.291142092257002	0.0
3.3011455636620384	0.0
3.311149035067075	0.0
3.3211525064721115	0.0
3.331155977877148	0.0
3.341159449282184	0.0
3.3511629206872207	0.0
3.361166392092257	0.0
3.3711698634972938	0.0
3.3811733349023303	0.0
3.391176806307367	0.0
3.4011802777124034	0.0
3.4111837491174395	0.0
3.421187220522476	0.0
3.4311906919275126	0.0
3.441194163332549	0.0
3.4511976347375857	0.0
3.461201106142622	0.0
3.4712045775476583	0.0
3.481208048952695	0.0
3.4912115203577314	0.0
3.501214991762768	0.0
3.5112184631678045	0.0
3.521221934572841	0.0
3.5312254059778776	0.0
3.5412288773829137	0.0
3.5512323487879502	0.0
3.561235820192987	0.0
3.5712392915980233	0.0
3.58124276300306	0.0
3.5912462344080964	0.0
3.601249705813133	0.0
3.611253177218169	0.0
3.6212566486232056	0.0
3.631260120028242	0.0
3.6412635914332787	0.0
3.6512670628383153	0.0
3.661270534243352	0.0
3.6712740056483883	0.0
3.6812774770534245	0.0
3.691280948458461	0.0
3.7012844198634975	0.0
3.711287891268534	0.0
3.7212913626735706	0.0
3.731294834078607	0.0
3.7412983054836433	0.0
3.75130177688868	0.0
3.7613052482937164	0.0
3.771308719698753	0.0
3.7813121911037895	0.0
3.791315662508826	0.0
3.8013191339138626	0.0
3.8113226053188987	0.0
3.821326076723935	0.0
3.8313295481289718	0.0
3.8413330195340083	0.0
3.851336490939045	288.0
3.8613399623440814	291.0
3.871343433749118	298.0
3.881346905154154	301.0
3.8913503765591906	0.0
3.901353847964227	0.0
3.9113573193692637	0.0
3.9213607907743	0.0
3.9313642621793368	0.0
3.9413677335843733	0.0
3.9513712049894094	0.0
3.961374676394446	0.0
3.9713781477994825	0.0
3.981381619204519	0.0
3.9913850906095556	0.0
4.001388562014592	0.0
4.011392033419629	0.0
4.021395504824665	0.0
4.031398976229702	0.0
4.041402447634738	0.0
4.051405919039774	0.0
4.061409390444811	0.0
4.071412861849847	0.0
4.081416333254884	0.0
4.09141980465992	0.0
4.101423276064957	0.0
4.111426747469993	0.0
4.121430218875029	0.0
4.131433690280066	0.0
4.1414371616851025	0.0
4.151440633090139	0.0
4.1614441044951755	0.0
4.1714475759002125	0.0
4.181451047305249	0.0
4.191454518710285	0.0
4.201457990115322	0.0
4.211461461520358	0.0
4.221464932925395	0.0
4.231468404330431	0.0
4.241471875735468	0.0
4.251475347140504	0.0
4.26147881854554	0.0
4.271482289950577	0.0
4.281485761355613	0.0
4.29148923276065	0.0
4.301492704165686	0.0
4.311496175570723	0.0
4.321499646975759	0.0
4.3315031183807955	0.0
4.3415065897858325	0.0
4.351510061190869	0.0
4.361513532595906	0.0
4.371517004000942	0.0
4.381520475405978	0.0
4.391523946811015	0.0
4.401527418216051	0.0
4.411530889621088	0.0
4.421534361026124	0.0
4.431537832431161	0.0
4.441541303836197	0.0
4.451544775241233	0.0
4.46154824664627	0.0
4.471551718051306	0.0
4.481555189456343	0.0
4.491558660861379	0.0
4.501562132266416	0.0
4.511565603671452	0.0
4.5215690750764885	0.0
4.5315725464815255	0.0
4.541576017886562	0.0
4.551579489291599	0.0
4.561582960696635	0.0
4.571586432101672	0.0
4.581589903506708	0.0
4.591593374911744	0.0
4.601596846316781	0.0
4.611600317721817	0.0
4.621603789126854	0.0
4.63160726053189	0.0
4.641610731936927	0.0
4.651614203341963	0.0
4.661617674746999	0.0
4.671621146152036	0.0
4.681624617557072	0.0
4.691628088962109	0.0
4.7016315603671455	0.0
4.7116350317721825	0.0
4.721638503177219	0.0
4.731641974582255	262.0
4.741645445987292	0.0
4.751648917392328	0.0
4.761652388797365	0.0
4.771655860202401	0.0
4.781659331607438	0.0
4.791662803012474	0.0
4.80166627441751	0.0
4.811669745822547	0.0
4.821673217227583	0.0
4.83167668863262	0.0
4.841680160037656	0.0
4.851683631442693	0.0
4.861687102847729	0.0
4.871690574252765	0.0
4.881694045657802	0.0
4.8916975170628385	0.0
4.9017009884678755	0.0
4.911704459872912	0.0
4.921707931277948	0.0
4.931711402682985	0.0
4.941714874088021	0.0
4.951718345493058	0.0
4.961721816898094	0.0
4.971725288303131	265.0
4.981728759708167	0.0
4.991732231113203	0.0
5.00173570251824	0.0
5.011739173923276	0.0
5.021742645328313	248.0
5.031746116733349	245.0
5.041749588138386	245.0
5.051753059543422	248.0
5.0617565309484585	248.0
5.0717600023534954	250.0
5.0817634737585315	250.0
5.0917669451635685	0.0
5.101770416568605	0.0
5.111773887973642	0.0
5.121777359378678	301.0
5.131780830783714	301.0
5.141784302188751	301.0
5.151787773593787	301.0
5.161791244998824	301.0
5.17179471640386	305.0
5.181798187808897	301.0
5.191801659213933	301.0
5.201805130618969	298.0
5.211808602024006	294.0
5.221812073429042	294.0
5.231815544834079	291.0
5.241819016239115	294.0
5.251822487644152	298.0
5.2618259590491885	308.0
5.271829430454225	319.0
5.281832901859262	331.0
5.291836373264298	350.0
5.301839844669335	363.0
5.311843316074371	371.0
5.321846787479408	371.0
5.331850258884444	354.0
5.34185373028948	294.0
5.351857201694517	294.0
5.361860673099553	294.0
5.37186414450459	294.0
5.381867615909626	294.0
5.391871087314662	294.0
5.401874558719699	294.0
5.411878030124735	298.0
5.421881501529772	298.0
5.431884972934808	298.0
5.441888444339845	294.0
5.4518919157448815	294.0
5.461895387149918	294.0
5.471898858554955	294.0
5.481902329959991	294.0
5.491905801365028	294.0
5.501909272770064	294.0
5.511912744175101	298.0
5.521916215580137	298.0
5.531919686985173	298.0
5.54192315839021	298.0
5.551926629795246	294.0
5.561930101200283	294.0
5.571933572605319	294.0
5.581937044010356	291.0
5.591940515415392	288.0
5.601943986820428	284.0
5.611947458225465	284.0
5.6219509296305015	281.0
5.6319544010355385	284.0
5.641957872440575	288.0
5.6519613438456116	301.0
5.661964815250648	316.0
5.671968286655684	323.0
5.681971758060721	331.0
5.691975229465757	334.0
5.701978700870794	334.0
5.71198217227583	331.0
5.721985643680867	327.0
5.731989115085903	323.0
5.741992586490939	316.0
5.751996057895976	288.0
5.761999529301012	284.0
5.772003000706049	284.0
5.782006472111085	284.0
5.792009943516122	288.0
5.802013414921158	291.0
5.8120168863261945	291.0
5.8220203577312315	294.0
5.832023829136268	298.0
5.842027300541305	298.0
5.852030771946341	298.0
5.862034243351378	298.0
5.872037714756414	298.0
5.88204118616145	298.0
5.892044657566487	298.0
5.902048128971523	298.0
5.91205160037656	298.0
5.922055071781596	298.0
5.932058543186632	298.0
5.942062014591669	298.0
5.952065485996705	298.0
5.962068957401742	298.0
5.972072428806778	298.0
5.982075900211815	294.0
5.9920793716168514	294.0
6.0020828430218875	298.0
6.0120863144269245	298.0
6.022089785831961	305.0
6.032093257236998	308.0
6.042096728642034	316.0
6.052100200047071	319.0
6.062103671452107	323.0
6.072107142857143	323.0
6.08211061426218	323.0
6.092114085667216	319.0
6.102117557072253	312.0
6.112121028477289	298.0
6.122124499882326	298.0
6.132127971287362	298.0
6.142131442692398	298.0
6.152134914097435	298.0
6.162138385502471	298.0
6.172141856907508	342.0
6.1821453283125445	342.0
6.1921487997175815	342.0
6.202152271122618	327.0
6.212155742527654	316.0
6.222159213932691	312.0
6.232162685337727	308.0
6.242166156742764	305.0
6.2521696281478	301.0
6.262173099552837	294.0
6.272176570957873	294.0
6.282180042362909	291.0
6.292183513767946	294.0
6.302186985172982	294.0
6.312190456578019	298.0
6.322193927983055	298.0
6.332197399388092	301.0
6.342200870793128	301.0
6.352204342198164	301.0
6.362207813603201	301.0
6.3722112850082375	298.0
6.3822147564132745	298.0
6.392218227818311	294.0
6.402221699223347	294.0
6.412225170628384	298.0
6.42222864203342	305.0
6.432232113438457	312.0
6.442235584843493	316.0
6.45223905624853	316.0
6.462242527653566	312.0
6.472245999058602	308.0
6.482249470463639	305.0
6.492252941868675	301.0
6.502256413273712	294.0
6.512259884678748	294.0
6.522263356083785	294.0
6.532266827488821	294.0
6.5422702988938575	294.0
6.5522737702988945	298.0
6.562277241703931	298.0
6.5722807131089676	298.0
6.582284184514004	301.0
6.592287655919041	298.0
6.602291127324077	298.0
6.612294598729113	294.0
6.62229807013415	291.0
6.632301541539186	284.0
6.642305012944223	281.0
6.652308484349259	281.0
6.662311955754296	284.0
6.672315427159332	284.0
6.682318898564368	284.0
6.692322369969405	305.0
6.702325841374441	308.0
6.712329312779478	312.0
6.722332784184514	316.0
6.732336255589551	316.0
6.7423397269945875	316.0
6.752343198399624	312.0
6.762346669804661	305.0
6.772350141209697	298.0
6.782353612614734	288.0
6.79235708401977	281.0
6.802360555424807	272.0
6.812364026829843	262.0
6.822367498234879	256.0
6.832370969639916	253.0
6.842374441044952	250.0
6.852377912449989	248.0
6.862381383855025	245.0
6.872384855260062	245.0
6.882388326665098	245.0
6.892391798070134	248.0
6.902395269475171	248.0
6.9123987408802074	250.0
6.922402212285244	253.0
6.9324056836902805	253.0
6.942409155095317	253.0
6.952412626500354	256.0
6.96241609790539	259.0
6.972419569310427	268.0
6.982423040715463	272.0
6.9924265121205	275.0
7.002429983525536	272.0
7.012433454930572	272.0
7.022436926335609	272.0
7.032440397740645	268.0
7.042443869145682	268.0
7.052447340550718	262.0
7.062450811955755	256.0
7.072454283360791	250.0
7.082457754765827	248.0
7.092461226170864	248.0
7.1024646975759005	248.0
7.1124681689809375	250.0
7.122471640385974	250.0
7.132475111791011	250.0
7.142478583196047	253.0
7.152482054601083	262.0
7.16248552600612	265.0
7.172488997411156	268.0
7.182492468816193	275.0
7.192495940221229	281.0
7.202499411626266	281.0
7.212502883031302	284.0
7.222506354436338	265.0
7.232509825841375	268.0
7.242513297246411	268.0
7.252516768651448	265.0
7.262520240056484	262.0
7.272523711461521	259.0
7.282527182866557	253.0
7.2925306542715935	250.0
7.3025341256766305	250.0
7.312537597081667	253.0
7.322541068486704	253.0
7.33254453989174	253.0
7.342548011296777	253.0
7.352551482701813	250.0
7.362554954106849	250.0
7.372558425511886	250.0
7.382561896916922	253.0
7.392565368321959	253.0
7.402568839726995	281.0
7.412572311132032	284.0
7.422575782537068	284.0
7.432579253942104	284.0
7.442582725347141	278.0
7.452586196752177	275.0
7.462589668157214	272.0
7.4725931395622505	272.0
7.482596610967287	268.0
7.4926000823723236	265.0
7.50260355377736	262.0
7.512607025182397	256.0
7.522610496587433	253.0
7.53261396799247	250.0
7.542617439397506	250.0
7.552620910802542	250.0
7.562624382207579	253.0
7.572627853612615	256.0
7.582631325017652	262.0
7.592634796422688	265.0
7.602638267827725	268.0
7.612641739232761	272.0
7.622645210637797	298.0
7.632648682042834	305.0
7.64265215344787	308.0
7.652655624852907	259.0
7.6626590962579435	256.0
7.6726625676629805	253.0
7.682666039068017	0.0
7.692669510473053	220.0
7.70267298187809	220.0
7.712676453283126	220.0
7.722679924688163	220.0
7.732683396093199	220.0
7.742686867498236	218.0
7.752690338903272	215.0
7.762693810308308	218.0
7.772697281713345	218.0
7.782700753118381	220.0
7.792704224523418	223.0
7.802707695928454	223.0
7.812711167333491	223.0
7.822714638738527	223.0
7.8327181101435635	226.0
7.8427215815486	226.0
7.8527250529536365	226.0
7.8627285243586735	226.0
7.87273199576371	226.0
7.882735467168747	226.0
7.892738938573783	226.0
7.902742409978819	226.0
7.912745881383856	228.0
7.922749352788892	228.0
7.932752824193929	228.0
7.942756295598965	226.0
7.952759767004001	226.0
7.962763238409038	226.0
7.972766709814074	223.0
7.982770181219111	218.0
7.992773652624147	213.0
8.002777124029183	206.0
8.01278059543422	192.0
8.022784066839257	183.0
8.032787538244293	177.0
8.04279100964933	175.0
8.052794481054367	173.0
8.062797952459404	173.0
8.072801423864439	122.0
8.082804895269476	0.0
8.092808366674513	0.0
8.102811838079548	0.0
8.112815309484585	140.0
8.122818780889622	142.0
8.132822252294659	144.0
8.142825723699694	145.0
8.152829195104731	145.0
8.162832666509768	145.0
8.172836137914803	144.0
8.18283960931984	0.0
8.192843080724877	0.0
8.202846552129914	0.0
8.21285002353495	220.0
8.222853494939987	220.0
8.232856966345024	220.0
8.242860437750059	218.0
8.252863909155096	215.0
8.262867380560133	218.0
8.27287085196517	220.0
8.282874323370205	223.0
8.292877794775242	226.0
8.302881266180279	226.0
8.312884737585314	228.0
8.322888208990351	228.0
8.332891680395388	228.0
8.342895151800425	228.0
8.35289862320546	228.0
8.362902094610497	228.0
8.372905566015534	226.0
8.38290903742057	226.0
8.392912508825606	226.0
8.402915980230643	226.0
8.41291945163568	223.0
8.422922923040716	223.0
8.432926394445753	223.0
8.44292986585079	223.0
8.452933337255825	223.0
8.462936808660862	223.0
8.472940280065899	223.0
8.482943751470936	226.0
8.492947222875971	226.0
8.502950694281008	226.0
8.512954165686045	226.0
8.52295763709108	223.0
8.532961108496117	223.0
8.542964579901154	223.0
8.552968051306191	220.0
8.562971522711226	220.0
8.572974994116263	220.0
8.5829784655213	220.0
8.592981936926336	0.0
8.602985408331373	0.0
8.61298887973641	0.0
8.622992351141447	0.0
8.632995822546482	0.0
8.642999293951519	0.0
8.653002765356556	0.0
8.663006236761591	0.0
8.673009708166628	0.0
8.683013179571665	0.0
8.693016650976702	0.0
8.703020122381737	0.0
8.713023593786774	0.0
8.723027065191811	253.0
8.733030536596846	250.0
8.743034008001883	248.0
8.75303747940692	245.0
8.763040950811956	242.0
8.773044422216993	242.0
8.78304789362203	239.0
8.793051365027067	0.0
8.803054836432102	0.0
8.813058307837139	0.0
8.823061779242176	0.0
8.833065250647211	0.0
8.843068722052248	0.0
8.853072193457285	0.0
8.863075664862322	0.0
8.873079136267357	0.0
8.883082607672394	0.0
8.893086079077431	0.0
8.903089550482466	0.0
8.913093021887503	0.0
8.92309649329254	0.0
8.933099964697577	0.0
8.943103436102612	0.0
8.95310690750765	0.0
8.963110378912686	250.0
8.973113850317722	245.0
8.983117321722759	245.0
8.993120793127796	242.0
9.003124264532833	242.0
9.013127735937868	242.0
9.023131207342905	248.0
9.033134678747942	253.0
9.043138150152977	259.0
9.053141621558014	262.0
9.063145092963051	265.0
9.073148564368088	272.0
9.083152035773123	278.0
9.09315550717816	288.0
9.103158978583197	291.0
9.113162449988232	298.0
9.12316592139327	298.0
9.133169392798306	298.0
9.143172864203343	298.0
9.153176335608379	298.0
9.163179807013416	298.0
9.173183278418453	298.0
9.183186749823488	294.0
9.193190221228525	294.0
9.203193692633562	298.0
9.213197164038599	298.0
9.223200635443634	298.0
9.233204106848671	298.0
9.243207578253708	298.0
9.253211049658743	294.0
9.26321452106378	294.0
9.273217992468817	294.0
9.283221463873854	291.0
9.29322493527889	291.0
9.303228406683926	288.0
9.313231878088963	284.0
9.323235349493999	284.0
9.333238820899036	281.0
9.343242292304073	281.0
9.35324576370911	284.0
9.363249235114145	288.0
9.373252706519182	298.0
9.383256177924219	305.0
9.393259649329254	308.0
9.403263120734291	312.0
9.413266592139328	316.0
9.423270063544365	312.0
9.4332735349494	308.0
9.443277006354437	305.0
9.453280477759474	294.0
9.46328394916451	281.0
9.473287420569546	272.0
9.483290891974583	262.0
9.49329436337962	256.0
9.503297834784656	253.0
9.513301306189692	250.0
9.52330477759473	248.0
9.533308248999765	245.0
9.543311720404802	248.0
9.553315191809839	248.0
9.563318663214876	248.0
9.57332213461991	248.0
9.583325606024948	250.0
9.593329077429985	253.0
9.60333254883502	259.0
9.613336020240057	259.0
9.623339491645094	259.0
9.633342963050131	265.0
9.643346434455166	275.0
9.653349905860203	275.0
9.66335337726524	275.0
9.673356848670275	272.0
9.683360320075312	265.0
9.69336379148035	262.0
9.703367262885386	256.0
9.713370734290422	253.0
9.723374205695459	253.0
9.733377677100496	250.0
9.74338114850553	250.0
9.753384619910568	250.0
9.763388091315605	250.0
9.77339156272064	250.0
9.783395034125677	250.0
9.793398505530714	253.0
9.803401976935751	253.0
9.813405448340786	256.0
9.823408919745823	256.0
9.83341239115086	262.0
9.843415862555895	265.0
9.853419333960932	268.0
9.86342280536597	272.0
9.873426276771006	275.0
9.883429748176042	272.0
9.893433219581079	265.0
9.903436690986116	265.0
9.91344016239115	262.0
9.923443633796188	259.0
9.933447105201225	256.0
9.943450576606262	256.0
9.953454048011297	250.0
9.963457519416334	250.0
9.973460990821371	248.0
9.983464462226406	245.0
9.993467933631443	245.0
10.00347140503648	248.0
10.013474876441517	250.0
10.023478347846552	253.0
10.03348181925159	256.0
10.043485290656626	259.0
10.053488762061662	262.0
10.063492233466699	265.0
10.073495704871736	268.0
10.083499176276773	272.0
10.093502647681808	268.0
10.103506119086845	265.0
10.113509590491882	262.0
10.123513061896917	259.0
10.133516533301954	253.0
10.143520004706991	245.0
10.153523476112028	234.0
10.163526947517063	228.0
10.1735304189221	223.0
10.183533890327137	223.0
10.193537361732172	223.0
10.20354083313721	220.0
10.213544304542246	220.0
10.223547775947283	220.0
10.233551247352318	0.0
10.243554718757355	220.0
10.253558190162392	220.0
10.263561661567428	0.0
10.273565132972465	0.0
10.283568604377502	0.0
10.293572075782539	0.0
10.303575547187574	0.0
10.31357901859261	0.0
10.323582489997648	0.0
10.333585961402683	0.0
10.34358943280772	0.0
10.353592904212757	0.0
10.363596375617794	218.0
10.37359984702283	218.0
10.383603318427866	220.0
10.393606789832903	220.0
10.403610261237938	220.0
10.413613732642975	223.0
10.423617204048012	223.0
10.43362067545305	223.0
10.443624146858085	223.0
10.453627618263122	223.0
10.463631089668159	220.0
10.473634561073194	218.0
10.48363803247823	215.0
10.493641503883268	196.0
10.503644975288305	183.0
10.51364844669334	181.0
10.523651918098377	175.0
10.533655389503414	173.0
10.54365886090845	0.0
10.553662332313486	0.0
10.563665803718523	0.0
10.57366927512356	173.0
10.583672746528595	177.0
10.593676217933632	179.0
10.60367968933867	183.0
10.613683160743705	218.0
10.623686632148742	218.0
10.633690103553779	218.0
10.643693574958816	218.0
10.65369704636385	218.0
10.663700517768888	218.0
10.673703989173925	220.0
10.68370746057896	220.0
10.693710931983997	223.0
10.703714403389034	223.0
10.713717874794071	226.0
10.723721346199106	226.0
10.733724817604143	226.0
10.74372828900918	226.0
10.753731760414215	0.0
10.763735231819252	0.0
10.77373870322429	0.0
10.783742174629324	0.0
10.793745646034361	0.0
10.803749117439398	0.0
10.813752588844435	0.0
10.82375606024947	0.0
10.833759531654508	0.0
10.843763003059545	0.0
10.85376647446458	0.0
10.863769945869617	0.0
10.873773417274654	0.0
10.88377688867969	0.0
10.893780360084726	0.0
10.903783831489763	0.0
10.9137873028948	201.0
10.923790774299835	201.0
10.933794245704872	201.0
10.94379771710991	0.0
10.953801188514946	0.0
10.963804659919981	0.0
10.973808131325018	0.0
10.983811602730055	0.0
10.99381507413509	0.0
11.003818545540128	0.0
11.013822016945165	0.0
11.023825488350202	0.0
11.033828959755237	0.0
11.043832431160274	0.0
11.05383590256531	0.0
11.063839373970346	0.0
11.073842845375383	0.0
11.08384631678042	196.0
11.093849788185457	199.0
11.103853259590492	199.0
11.11385673099553	199.0
11.123860202400566	199.0
11.133863673805601	196.0
11.143867145210638	196.0
11.153870616615675	196.0
11.163874088020712	196.0
11.173877559425748	196.0
11.183881030830785	199.0
11.193884502235822	199.0
11.203887973640857	199.0
11.213891445045894	196.0
11.22389491645093	194.0
11.233898387855968	192.0
11.243901859261003	185.0
11.25390533066604	177.0
11.263908802071077	173.0
11.273912273476112	171.0
11.28391574488115	171.0
11.293919216286186	173.0
11.303922687691223	175.0
11.313926159096258	179.0
11.323929630501295	199.0
11.333933101906332	196.0
11.343936573311368	192.0
11.353940044716405	192.0
11.363943516121441	192.0
11.373946987526478	190.0
11.383950458931514	187.0
11.39395393033655	183.0
11.403957401741588	179.0
11.413960873146623	175.0
11.42396434455166	173.0
11.433967815956697	173.0
11.443971287361734	171.0
11.453974758766769	171.0
11.463978230171806	171.0
11.473981701576843	169.0
11.483985172981878	0.0
11.493988644386915	0.0
11.503992115791952	0.0
11.51399558719699	0.0
11.523999058602024	0.0
11.534002530007061	0.0
11.544006001412098	0.0
11.554009472817134	0.0
11.56401294422217	0.0
11.574016415627208	0.0
11.584019887032245	0.0
11.59402335843728	0.0
11.604026829842317	0.0
11.614030301247354	0.0
11.624033772652389	0.0
11.634037244057426	0.0
11.644040715462463	0.0
11.6540441868675	0.0
11.664047658272535	0.0
11.674051129677572	0.0
11.68405460108261	0.0
11.694058072487644	0.0
11.704061543892681	0.0
11.714065015297718	0.0
11.724068486702755	0.0
11.73407195810779	0.0
11.744075429512828	0.0
11.754078900917865	0.0
11.7640823723229	0.0
11.774085843727937	0.0
11.784089315132974	0.0
11.794092786538009	0.0
11.804096257943046	0.0
11.814099729348083	0.0
11.82410320075312	0.0
11.834106672158155	0.0
11.844110143563192	0.0
11.85411361496823	0.0
11.864117086373264	0.0
11.874120557778301	0.0
11.884124029183338	0.0
11.894127500588375	0.0
11.90413097199341	0.0
11.914134443398448	0.0
11.924137914803485	0.0
11.93414138620852	0.0
11.944144857613557	0.0
11.954148329018594	0.0
11.96415180042363	0.0
11.974155271828666	0.0
11.984158743233703	0.0
11.99416221463874	0.0
12.004165686043775	0.0
12.014169157448812	0.0
12.024172628853849	0.0
12.034176100258886	0.0
12.044179571663921	0.0
12.054183043068958	0.0
12.064186514473995	0.0
12.07418998587903	0.0
12.084193457284067	0.0
12.094196928689104	0.0
12.104200400094141	0.0
12.114203871499177	0.0
12.124207342904214	0.0
12.13421081430925	0.0
12.144214285714286	0.0
12.154217757119323	0.0
12.16422122852436	0.0
12.174224699929397	0.0
12.184228171334432	0.0
12.194231642739469	0.0
12.204235114144506	0.0
12.214238585549541	0.0
12.224242056954578	0.0
12.234245528359615	0.0
12.244248999764652	0.0
12.254252471169687	0.0
12.264255942574724	0.0
12.274259413979761	0.0
12.284262885384797	0.0
12.294266356789834	0.0
12.30426982819487	0.0
12.314273299599908	0.0
12.324276771004943	0.0
12.33428024240998	0.0
12.344283713815017	0.0
12.354287185220052	0.0
12.364290656625089	0.0
12.374294128030126	0.0
12.384297599435163	0.0
12.394301070840198	0.0
12.404304542245235	0.0
12.414308013650272	0.0
12.424311485055307	0.0
12.434314956460344	0.0
12.444318427865381	0.0
12.454321899270418	0.0
12.464325370675454	0.0
12.47432884208049	0.0
12.484332313485528	0.0
12.494335784890563	0.0
12.5043392562956	0.0
12.514342727700637	0.0
12.524346199105674	0.0
12.534349670510709	0.0
12.544353141915746	0.0
12.554356613320783	0.0
12.564360084725818	0.0
12.574363556130855	0.0
12.584367027535892	0.0
12.594370498940929	0.0
12.604373970345964	0.0
12.614377441751001	0.0
12.624380913156038	0.0
12.634384384561073	0.0
12.64438785596611	0.0
12.654391327371147	0.0
12.664394798776184	0.0
12.67439827018122	0.0
12.684401741586257	0.0
12.694405212991294	0.0
12.704408684396329	0.0
12.714412155801366	0.0
12.724415627206403	0.0
12.73441909861144	0.0
12.744422570016475	0.0
12.754426041421512	0.0
12.764429512826549	0.0
12.774432984231584	0.0
12.784436455636621	0.0
12.794439927041658	0.0
12.804443398446693	126.0
12.81444686985173	121.0
12.824450341256767	121.0
12.834453812661804	121.0
12.84445728406684	122.0
12.854460755471877	124.0
12.864464226876914	140.0
12.874467698281949	139.0
12.884471169686986	140.0
12.894474641092023	142.0
12.90447811249706	144.0
12.914481583902095	145.0
12.924485055307132	0.0
12.934488526712169	109.0
12.944491998117204	110.0
12.954495469522241	110.0
12.964498940927278	110.0
12.974502412332315	110.0
12.98450588373735	0.0
12.994509355142387	0.0
13.004512826547424	0.0
13.01451629795246	0.0
13.024519769357497	0.0
13.034523240762534	0.0
13.04452671216757	0.0
13.054530183572606	125.0
13.064533654977643	118.0
13.07453712638268	117.0
13.084540597787715	115.0
13.094544069192752	114.0
13.104547540597789	113.0
13.114551012002826	111.0
13.124554483407861	111.0
13.134557954812898	110.0
13.144561426217935	110.0
13.15456489762297	110.0
13.164568369028007	110.0
13.174571840433044	110.0
13.184575311838081	0.0
13.194578783243117	0.0
13.204582254648153	0.0
13.21458572605319	0.0
13.224589197458226	0.0
13.234592668863263	0.0
13.2445961402683	0.0
13.254599611673337	129.0
13.264603083078372	129.0
13.274606554483409	129.0
13.284610025888446	125.0
13.294613497293481	122.0
13.304616968698518	121.0
13.314620440103555	117.0
13.324623911508592	113.0
13.334627382913627	110.0
13.344630854318664	109.0
13.354634325723701	109.0
13.364637797128736	110.0
13.374641268533773	113.0
13.38464473993881	0.0
13.394648211343847	0.0
13.404651682748883	0.0
13.41465515415392	136.0
13.424658625558957	134.0
13.434662096963992	134.0
13.444665568369029	132.0
13.454669039774066	131.0
13.464672511179103	110.0
13.474675982584138	109.0
13.484679453989175	110.0
13.494682925394212	111.0
13.504686396799247	145.0
13.514689868204284	147.0
13.524693339609321	149.0
13.534696811014358	149.0
13.544700282419393	149.0
13.55470375382443	150.0
13.564707225229467	150.0
13.574710696634503	150.0
13.58471416803954	150.0
13.594717639444577	150.0
13.604721110849614	149.0
13.614724582254649	149.0
13.624728053659686	149.0
13.634731525064723	150.0
13.644734996469758	150.0
13.654738467874795	150.0
13.664741939279832	150.0
13.674745410684869	150.0
13.684748882089904	149.0
13.694752353494941	149.0
13.704755824899978	149.0
13.714759296305013	149.0
13.72476276771005	149.0
13.734766239115087	149.0
13.744769710520124	149.0
13.75477318192516	150.0
13.764776653330197	150.0
13.774780124735233	152.0
13.784783596140269	154.0
13.794787067545306	158.0
13.804790538950343	159.0
13.81479401035538	163.0
13.824797481760415	171.0
13.834800953165452	173.0
13.844804424570489	175.0
13.854807895975524	173.0
13.864811367380561	171.0
13.874814838785598	137.0
13.884818310190633	145.0
13.89482178159567	147.0
13.904825253000707	149.0
13.914828724405744	149.0
13.92483219581078	150.0
13.934835667215816	152.0
13.944839138620853	0.0
13.954842610025889	0.0
13.964846081430926	0.0
13.974849552835963	0.0
13.984853024241	0.0
13.994856495646035	0.0
14.004859967051072	0.0
14.014863438456109	119.0
14.024866909861144	121.0
14.034870381266181	122.0
14.044873852671218	121.0
14.054877324076255	0.0
14.06488079548129	0.0
14.074884266886327	0.0
14.084887738291364	0.0
14.0948912096964	0.0
14.104894681101436	0.0
14.114898152506473	0.0
14.12490162391151	0.0
14.134905095316546	0.0
14.144908566721583	0.0
14.15491203812662	0.0
14.164915509531655	0.0
14.174918980936692	0.0
14.184922452341729	0.0
14.194925923746766	0.0
14.204929395151801	0.0
14.214932866556838	0.0
14.224936337961875	0.0
14.23493980936691	0.0
14.244943280771947	0.0
14.254946752176984	0.0
14.264950223582021	0.0
14.274953694987056	0.0
14.284957166392093	0.0
14.29496063779713	0.0
14.304964109202166	0.0
14.314967580607203	0.0
14.32497105201224	0.0
14.334974523417277	161.0
14.344977994822312	159.0
14.354981466227349	159.0
14.364984937632386	0.0
14.374988409037421	0.0
14.384991880442458	0.0
14.394995351847495	0.0
14.404998823252532	0.0
14.415002294657567	0.0
14.425005766062604	0.0
14.435009237467641	0.0
14.445012708872676	0.0
14.455016180277713	0.0
14.46501965168275	0.0
14.475023123087787	0.0
14.485026594492822	0.0
14.49503006589786	0.0
14.505033537302896	0.0
14.515037008707932	0.0
14.525040480112969	0.0
14.535043951518006	0.0
14.545047422923043	0.0
14.555050894328078	228.0
14.565054365733115	228.0
14.575057837138152	228.0
14.585061308543187	228.0
14.595064779948224	228.0
14.605068251353261	231.0
14.615071722758298	231.0
14.625075194163333	231.0
14.63507866556837	231.0
14.645082136973407	231.0
14.655085608378442	228.0
14.66508907978348	226.0
14.675092551188516	223.0
14.685096022593553	223.0
14.695099493998589	220.0
14.705102965403626	218.0
14.715106436808663	0.0
14.725109908213698	0.0
14.735113379618735	0.0
14.745116851023772	0.0
14.755120322428809	0.0
14.765123793833844	192.0
14.775127265238881	194.0
14.785130736643918	196.0
14.795134208048953	203.0
14.80513767945399	203.0
14.815141150859027	203.0
14.825144622264064	203.0
14.8351480936691	203.0
14.845151565074136	201.0
14.855155036479173	201.0
14.865158507884209	199.0
14.875161979289246	199.0
14.885165450694283	196.0
14.895168922099318	196.0
14.905172393504355	196.0
14.915175864909392	196.0
14.925179336314429	199.0
14.935182807719464	199.0
14.945186279124501	199.0
14.955189750529538	199.0
14.965193221934573	199.0
14.97519669333961	196.0
14.985200164744647	196.0
14.995203636149684	196.0
15.00520710755472	196.0
15.015210578959756	196.0
15.025214050364793	196.0
15.035217521769829	199.0
15.045220993174865	199.0
15.055224464579902	199.0
15.06522793598494	199.0
15.075231407389975	199.0
15.085234878795012	199.0
15.095238350200049	199.0
15.105241821605084	199.0
15.11524529301012	199.0
15.125248764415158	199.0
15.135252235820195	199.0
15.14525570722523	199.0
15.155259178630267	196.0
15.165262650035304	0.0
15.17526612144034	0.0
15.185269592845376	0.0
15.195273064250413	185.0
15.20527653565545	185.0
15.215280007060485	187.0
15.225283478465522	199.0
15.23528694987056	206.0
15.245290421275595	206.0
15.255293892680632	208.0
15.265297364085669	208.0
15.275300835490706	206.0
15.28530430689574	199.0
15.295307778300778	194.0
15.305311249705815	192.0
15.31531472111085	192.0
15.325318192515887	190.0
15.335321663920924	187.0
15.345325135325961	187.0
15.355328606730996	0.0
15.365332078136033	0.0
15.37533554954107	0.0
15.385339020946105	0.0
15.395342492351142	0.0
15.40534596375618	0.0
15.415349435161216	0.0
15.425352906566252	0.0
15.435356377971289	0.0
15.445359849376326	0.0
15.45536332078136	0.0
15.465366792186398	0.0
15.475370263591435	0.0
15.485373734996472	0.0
15.495377206401507	0.0
15.505380677806544	0.0
15.515384149211581	0.0
15.525387620616616	0.0
15.535391092021653	0.0
15.54539456342669	0.0
15.555398034831727	0.0
15.565401506236762	0.0
15.5754049776418	0.0
15.585408449046836	0.0
15.595411920451872	0.0
15.605415391856909	0.0
15.615418863261946	0.0
15.625422334666982	0.0
15.635425806072018	0.0
15.645429277477055	0.0
15.655432748882092	0.0
15.665436220287127	0.0
15.675439691692164	0.0
15.6854431630972	0.0
15.695446634502238	0.0
15.705450105907273	0.0
15.71545357731231	0.0
15.725457048717347	0.0
15.735460520122382	0.0
15.74546399152742	0.0
15.755467462932456	0.0
15.765470934337493	0.0
15.775474405742528	0.0
15.785477877147565	0.0
15.795481348552602	0.0
15.805484819957638	0.0
15.815488291362675	0.0
15.825491762767712	0.0
15.835495234172749	0.0
15.845498705577784	0.0
15.85550217698282	0.0
15.865505648387858	0.0
15.875509119792893	0.0
15.88551259119793	0.0
15.895516062602967	0.0
15.905519534008002	0.0
15.91552300541304	113.0
15.925526476818076	113.0
15.935529948223113	114.0
15.945533419628148	0.0
15.955536891033185	0.0
15.965540362438222	0.0
15.975543833843258	0.0
15.985547305248295	0.0
15.995550776653332	173.0
16.005554248058367	173.0
16.015557719463406	173.0
16.02556119086844	173.0
16.035564662273476	173.0
16.045568133678515	173.0
16.05557160508355	173.0
16.065575076488585	175.0
16.075578547893624	175.0
16.08558201929866	175.0
16.095585490703698	0.0
16.105588962108733	0.0
16.11559243351377	0.0
16.125595904918807	0.0
16.135599376323842	0.0
16.145602847728878	0.0
16.155606319133916	0.0
16.16560979053895	0.0
16.175613261943987	0.0
16.185616733349026	0.0
16.19562020475406	0.0
16.205623676159096	0.0
16.215627147564135	0.0
16.22563061896917	0.0
16.23563409037421	0.0
16.245637561779244	0.0
16.25564103318428	0.0
16.265644504589318	0.0
16.275647975994353	0.0
16.28565144739939	0.0
16.295654918804427	0.0
16.305658390209462	0.0
16.315661861614497	0.0
16.325665333019536	0.0
16.33566880442457	0.0
16.345672275829607	0.0
16.355675747234645	0.0
16.36567921863968	0.0
16.37568269004472	0.0
16.385686161449755	0.0
16.39568963285479	0.0
16.40569310425983	0.0
16.415696575664864	0.0
16.4257000470699	0.0
16.435703518474938	0.0
16.445706989879973	0.0
16.45571046128501	0.0
16.465713932690047	0.0
16.475717404095082	0.0
16.485720875500117	305.0
16.495724346905156	312.0
16.50572781831019	312.0
16.515731289715227	312.0
16.525734761120265	312.0
16.5357382325253	0.0
16.54574170393034	0.0
16.555745175335375	0.0
16.56574864674041	0.0
16.57575211814545	294.0
16.585755589550484	291.0
16.59575906095552	0.0
16.605762532360558	288.0
16.615766003765593	0.0
16.625769475170628	0.0
16.635772946575667	0.0
16.645776417980702	272.0
16.655779889385737	0.0
16.665783360790776	0.0
16.67578683219581	0.0
16.68579030360085	0.0
16.695793775005885	0.0
16.70579724641092	0.0
16.71580071781596	0.0
16.725804189220995	250.0
16.73580766062603	0.0
16.74581113203107	0.0
16.755814603436104	0.0
16.76581807484114	0.0
16.775821546246178	0.0
16.785825017651213	250.0
16.795828489056248	250.0
16.805831960461287	0.0
16.815835431866322	284.0
16.82583890327136	291.0
16.835842374676396	298.0
16.84584584608143	301.0
16.85584931748647	305.0
16.865852788891505	308.0
16.87585626029654	308.0
16.88585973170158	0.0
16.895863203106614	0.0
16.90586667451165	0.0
16.91587014591669	0.0
16.925873617321724	0.0
16.93587708872676	0.0
16.945880560131798	0.0
16.955884031536833	0.0
16.96588750294187	0.0
16.975890974346907	0.0
16.985894445751942	0.0
16.99589791715698	0.0
17.005901388562016	0.0
17.01590485996705	0.0
17.02590833137209	0.0
17.035911802777125	0.0
17.04591527418216	0.0
17.0559187455872	0.0
17.065922216992234	0.0
17.07592568839727	0.0
17.08592915980231	0.0
17.095932631207344	0.0
17.105936102612382	0.0
17.115939574017418	0.0
17.125943045422453	0.0
17.13594651682749	0.0
17.145949988232527	0.0
17.155953459637562	0.0
17.1659569310426	0.0
17.175960402447636	0.0
17.18596387385267	0.0
17.19596734525771	0.0
17.205970816662745	0.0
17.21597428806778	0.0
17.22597775947282	0.0
17.235981230877854	0.0
17.245984702282893	0.0
17.25598817368793	0.0
17.265991645092964	0.0
17.275995116498002	0.0
17.285998587903038	0.0
17.296002059308073	0.0
17.30600553071311	0.0
17.316009002118147	0.0
17.326012473523182	0.0
17.33601594492822	0.0
17.346019416333256	0.0
17.35602288773829	136.0
17.36602635914333	134.0
17.376029830548365	0.0
17.386033301953404	0.0
17.39603677335844	0.0
17.406040244763474	0.0
17.416043716168513	0.0
17.42604718757355	0.0
17.436050658978584	0.0
17.446054130383622	0.0
17.456057601788658	0.0
17.466061073193693	0.0
17.47606454459873	0.0
17.486068016003767	0.0
17.496071487408802	0.0
17.50607495881384	0.0
17.516078430218876	0.0
17.52608190162391	294.0
17.53608537302895	291.0
17.546088844433985	291.0
17.556092315839024	291.0
17.56609578724406	294.0
17.576099258649094	294.0
17.586102730054133	298.0
17.59610620145917	298.0
17.606109672864203	298.0
17.616113144269242	294.0
17.626116615674277	294.0
17.636120087079313	294.0
17.64612355848435	294.0
17.656127029889387	294.0
17.666130501294422	294.0
17.67613397269946	294.0
17.686137444104496	294.0
17.696140915509535	294.0
17.70614438691457	294.0
17.716147858319605	294.0
17.726151329724644	294.0
17.73615480112968	294.0
17.746158272534714	294.0
17.756161743939753	298.0
17.766165215344788	298.0
17.776168686749823	305.0
17.786172158154862	319.0
17.796175629559897	319.0
17.806179100964933	319.0
17.81618257236997	0.0
17.826186043775007	0.0
17.836189515180045	0.0
17.84619298658508	0.0
17.856196457990116	0.0
17.866199929395155	0.0
17.87620340080019	291.0
17.886206872205225	0.0
17.896210343610264	0.0
17.9062138150153	298.0
17.916217286420334	298.0
17.926220757825373	298.0
17.936224229230408	298.0
17.946227700635443	294.0
17.956231172040482	0.0
17.966234643445517	0.0
17.976238114850556	0.0
17.98624158625559	0.0
17.996245057660627	0.0
18.006248529065665	375.0
18.0162520004707	0.0
18.026255471875736	0.0
18.036258943280775	0.0
18.04626241468581	0.0
18.056265886090845	0.0
18.066269357495884	0.0
18.07627282890092	0.0
18.086276300305954	0.0
18.096279771710993	0.0
18.106283243116028	0.0
18.116286714521067	0.0
18.126290185926102	0.0
18.136293657331137	0.0
18.146297128736176	0.0
18.15630060014121	0.0
18.166304071546246	0.0
18.176307542951285	0.0
18.18631101435632	0.0
18.196314485761356	0.0
18.206317957166394	0.0
18.21632142857143	210.0
18.226324899976465	215.0
18.236328371381504	218.0
18.24633184278654	220.0
18.256335314191578	223.0
18.266338785596613	228.0
18.276342257001648	231.0
18.286345728406687	234.0
18.296349199811722	239.0
18.306352671216757	245.0
18.316356142621796	250.0
18.32635961402683	253.0
18.336363085431866	259.0
18.346366556836905	265.0
18.35637002824194	272.0
18.366373499646976	278.0
18.376376971052014	288.0
18.38638044245705	298.0
18.39638391386209	308.0
18.406387385267124	323.0
18.41639085667216	327.0
18.426394328077198	0.0
18.436397799482233	0.0
18.446401270887268	0.0
18.456404742292307	0.0
18.466408213697342	0.0
18.476411685102377	0.0
18.486415156507416	0.0
18.49641862791245	305.0
18.506422099317486	301.0
18.516425570722525	301.0
18.52642904212756	298.0
18.536432513532596	298.0
18.546435984937634	298.0
18.55643945634267	298.0
18.56644292774771	298.0
18.576446399152744	298.0
18.58644987055778	298.0
18.596453341962818	298.0
18.606456813367853	298.0
18.616460284772888	298.0
18.626463756177927	298.0
18.636467227582962	298.0
18.646470698987997	298.0
18.656474170393036	298.0
18.66647764179807	0.0
18.676481113203106	0.0
18.686484584608145	0.0
18.69648805601318	291.0
18.70649152741822	294.0
18.716494998823254	316.0
18.72649847022829	323.0
18.73650194163333	327.0
18.746505413038363	327.0
18.7565088844434	327.0
18.766512355848437	323.0
18.776515827253473	312.0
18.786519298658508	305.0
18.796522770063547	301.0
18.806526241468582	294.0
18.816529712873617	294.0
18.826533184278656	298.0
18.83653665568369	305.0
18.84654012708873	316.0
18.856543598493765	327.0
18.8665470698988	338.0
18.87655054130384	346.0
18.886554012708874	354.0
18.89655748411391	350.0
18.906560955518948	346.0
18.916564426923983	0.0
18.92656789832902	0.0
18.936571369734057	0.0
18.946574841139093	0.0
18.956578312544128	0.0
18.966581783949167	0.0
18.976585255354202	0.0
18.98658872675924	0.0
18.996592198164276	0.0
19.00659566956931	0.0
19.01659914097435	0.0
19.026602612379385	298.0
19.03660608378442	298.0
19.04660955518946	298.0
19.056613026594494	298.0
19.06661649799953	298.0
19.076619969404568	298.0
19.086623440809603	0.0
19.09662691221464	0.0
19.106630383619677	0.0
19.116633855024713	0.0
19.12663732642975	0.0
19.136640797834787	298.0
19.14664426923982	298.0
19.15664774064486	0.0
19.166651212049896	0.0
19.17665468345493	0.0
19.18665815485997	0.0
19.196661626265005	301.0
19.20666509767004	298.0
19.21666856907508	301.0
19.226672040480114	301.0
19.23667551188515	305.0
19.246678983290188	358.0
19.256682454695223	350.0
19.266685926100262	334.0
19.276689397505297	334.0
19.286692868910333	338.0
19.29669634031537	342.0
19.306699811720407	371.0
19.31670328312544	375.0
19.32670675453048	375.0
19.336710225935516	375.0
19.34671369734055	298.0
19.35671716874559	298.0
19.366720640150625	305.0
19.37672411155566	312.0
19.3867275829607	354.0
19.396731054365734	358.0
19.406734525770773	367.0
19.416737997175808	380.0
19.426741468580843	384.0
19.436744939985882	389.0
19.446748411390917	398.0
19.456751882795952	398.0
19.46675535420099	393.0
19.476758825606026	384.0
19.48676229701106	375.0
19.4967657684161	281.0
19.506769239821136	284.0
19.51677271122617	291.0
19.52677618263121	298.0
19.536779654036245	316.0
19.54678312544128	331.0
19.55678659684632	338.0
19.566790068251354	342.0
19.576793539656393	350.0
19.586797011061428	363.0
19.596800482466463	354.0
19.606803953871502	346.0
19.616807425276537	342.0
19.626810896681572	301.0
19.63681436808661	298.0
19.646817839491646	294.0
19.65682131089668	294.0
19.66682478230172	294.0
19.676828253706756	298.0
19.68683172511179	308.0
19.69683519651683	312.0
19.706838667921865	312.0
19.716842139326904	312.0
19.72684561073194	301.0
19.736849082136974	294.0
19.746852553542013	288.0
19.756856024947048	278.0
19.766859496352083	272.0
19.776862967757122	272.0
19.786866439162157	272.0
19.796869910567192	275.0
19.80687338197223	278.0
19.816876853377266	284.0
19.8268803247823	291.0
19.83688379618734	294.0
19.846887267592376	298.0
19.856890738997414	298.0
19.86689421040245	294.0
19.876897681807485	291.0
19.886901153212523	288.0
19.89690462461756	284.0
19.906908096022594	284.0
19.916911567427633	291.0
19.926915038832668	291.0
19.936918510237703	291.0
19.946921981642742	291.0
19.956925453047777	291.0
19.966928924452812	291.0
19.97693239585785	291.0
19.986935867262886	294.0
19.996939338667925	294.0
20.00694281007296	294.0
20.016946281477995	294.0
20.026949752883034	294.0
20.03695322428807	294.0
20.046956695693105	294.0
20.056960167098143	294.0
20.06696363850318	294.0
20.076967109908214	294.0
20.086970581313253	294.0
20.096974052718288	294.0
20.106977524123323	294.0
20.116980995528362	294.0
20.126984466933397	294.0
20.136987938338436	294.0
20.14699140974347	298.0
20.156994881148506	298.0
20.166998352553545	298.0
20.17700182395858	298.0
20.187005295363615	298.0
20.197008766768654	298.0
20.20701223817369	298.0
20.217015709578725	294.0
20.227019180983763	294.0
20.2370226523888	294.0
20.247026123793834	291.0
20.257029595198873	291.0
20.267033066603908	291.0
20.277036538008947	294.0
20.287040009413982	294.0
20.297043480819017	294.0
20.307046952224056	291.0
20.31705042362909	291.0
20.327053895034126	0.0
20.337057366439165	0.0
20.3470608378442	0.0
20.357064309249235	0.0
20.367067780654274	0.0
20.37707125205931	0.0
20.387074723464345	0.0
20.397078194869383	0.0
20.40708166627442	0.0
20.417085137679457	0.0
20.427088609084493	0.0
20.437092080489528	0.0
20.447095551894567	0.0
20.4570990232996	0.0
20.467102494704637	0.0
20.477105966109676	0.0
20.48710943751471	301.0
20.497112908919746	301.0
20.507116380324785	301.0
20.51711985172982	298.0
20.527123323134855	298.0
20.537126794539894	294.0
20.54713026594493	294.0
20.557133737349965	291.0
20.567137208755003	284.0
20.57714068016004	275.0
20.587144151565077	272.0
20.597147622970112	262.0
20.607151094375148	256.0
20.617154565780186	248.0
20.62715803718522	234.0
20.637161508590257	242.0
20.647164979995296	248.0
20.65716845140033	248.0
20.667171922805366	250.0
20.677175394210405	253.0
20.68717886561544	256.0
20.697182337020475	284.0
20.707185808425514	294.0
20.71718927983055	305.0
20.727192751235588	312.0
20.737196222640623	312.0
20.74719969404566	308.0
20.757203165450697	305.0
20.767206636855732	305.0
20.777210108260768	301.0
20.787213579665806	301.0
20.79721705107084	298.0
20.807220522475877	298.0
20.817223993880916	294.0
20.82722746528595	291.0
20.837230936690986	291.0
20.847234408096025	288.0
20.85723787950106	281.0
20.8672413509061	275.0
20.877244822311134	262.0
20.88724829371617	250.0
20.897251765121208	245.0
20.907255236526243	239.0
20.91725870793128	242.0
20.927262179336317	245.0
20.937265650741352	248.0
20.947269122146388	124.0
20.957272593551426	124.0
20.96727606495646	268.0
20.977279536361497	278.0
20.987283007766536	288.0
20.99728647917157	294.0
21.00728995057661	298.0
21.017293421981645	298.0
21.02729689338668	298.0
21.03730036479172	298.0
21.047303836196754	298.0
21.05730730760179	298.0
21.067310779006828	298.0
21.077314250411863	298.0
21.0873177218169	298.0
21.097321193221937	298.0
21.107324664626972	298.0
21.117328136032008	298.0
21.127331607437046	298.0
21.13733507884208	298.0
21.14733855024712	298.0
21.157342021652155	298.0
21.16734549305719	298.0
21.17734896446223	298.0
21.187352435867265	298.0
21.1973559072723	298.0
21.20735937867734	298.0
21.217362850082374	298.0
21.22736632148741	298.0
21.237369792892448	298.0
21.247373264297483	298.0
21.25737673570252	298.0
21.267380207107557	298.0
21.277383678512592	298.0
21.28738714991763	294.0
21.297390621322666	291.0
21.3073940927277	288.0
21.31739756413274	281.0
21.327401035537775	278.0
21.33740450694281	275.0
21.34740797834785	275.0
21.357411449752885	278.0
21.36741492115792	281.0
21.37741839256296	284.0
21.387421863967994	323.0
21.39742533537303	331.0
21.407428806778068	338.0
21.417432278183103	342.0
21.427435749588142	334.0
21.437439220993177	327.0
21.447442692398212	327.0
21.45744616380325	316.0
21.467449635208286	284.0
21.47745310661332	284.0
21.48745657801836	284.0
21.497460049423395	284.0
21.50746352082843	288.0
21.51746699223347	291.0
21.527470463638505	291.0
21.53747393504354	294.0
21.54747740644858	298.0
21.557480877853614	298.0
21.56748434925865	298.0
21.577487820663688	298.0
21.587491292068723	298.0
21.59749476347376	298.0
21.607498234878797	298.0
21.617501706283832	298.0
21.62750517768887	298.0
21.637508649093906	298.0
21.64751212049894	298.0
21.65751559190398	298.0
21.667519063309015	298.0
21.67752253471405	298.0
21.68752600611909	298.0
21.697529477524125	298.0
21.70753294892916	298.0
21.7175364203342	294.0
21.727539891739234	294.0
21.737543363144272	294.0
21.747546834549308	294.0
21.757550305954343	294.0
21.76755377735938	169.0
21.777557248764417	375.0
21.787560720169452	367.0
21.79756419157449	331.0
21.807567662979526	327.0
21.81757113438456	319.0
21.8275746057896	312.0
21.837578077194635	308.0
21.84758154859967	305.0
21.85758502000471	308.0
21.867588491409744	312.0
21.877591962814783	319.0
21.88759543421982	323.0
21.897598905624854	346.0
21.907602377029892	350.0
21.917605848434928	354.0
21.927609319839963	354.0
21.937612791245	350.0
21.947616262650037	350.0
21.957619734055072	346.0
21.96762320546011	350.0
21.977626676865146	398.0
21.98763014827018	389.0
21.99763361967522	380.0
22.007637091080255	371.0
22.017640562485294	177.0
22.02764403389033	308.0
22.037647505295364	308.0
22.047650976700403	305.0
22.05765444810544	305.0
22.067657919510474	301.0
22.077661390915512	301.0
22.087664862320548	301.0
22.097668333725583	301.0
22.10767180513062	308.0
22.117675276535657	308.0
22.127678747940692	312.0
22.13768221934573	316.0
22.147685690750766	316.0
22.157689162155805	316.0
22.16769263356084	312.0
22.177696104965875	308.0
22.187699576370914	284.0
22.19770304777595	284.0
22.207706519180984	288.0
22.217709990586023	288.0
22.22771346199106	288.0
22.237716933396094	291.0
22.247720404801132	294.0
22.257723876206168	312.0
22.267727347611203	312.0
22.27773081901624	312.0
22.287734290421277	312.0
22.297737761826316	284.0
22.30774123323135	281.0
22.317744704636386	278.0
22.327748176041425	278.0
22.33775164744646	275.0
22.347755118851495	275.0
22.357758590256534	278.0
22.36776206166157	281.0
22.377765533066604	284.0
22.387769004471643	291.0
22.39777247587668	298.0
22.407775947281714	308.0
22.417779418686752	312.0
22.427782890091787	316.0
22.437786361496826	316.0
22.44778983290186	316.0
22.457793304306897	312.0
22.467796775711935	308.0
22.47780024711697	284.0
22.487803718522006	278.0
22.497807189927045	268.0
22.50781066133208	262.0
22.517814132737115	256.0
22.527817604142154	253.0
22.53782107554719	253.0
22.547824546952224	250.0
22.557828018357263	250.0
22.5678314897623	250.0
22.577834961167333	250.0
22.587838432572372	250.0
22.597841903977407	250.0
22.607845375382446	250.0
22.61784884678748	250.0
22.627852318192517	248.0
22.637855789597555	248.0
22.64785926100259	248.0
22.657862732407626	250.0
22.667866203812665	0.0
22.6778696752177	253.0
22.687873146622735	256.0
22.697876618027774	262.0
22.70788008943281	268.0
22.717883560837844	272.0
22.727887032242883	272.0
22.737890503647918	272.0
22.747893975052957	272.0
22.757897446457992	272.0
22.767900917863027	272.0
22.777904389268066	268.0
22.7879078606731	265.0
22.797911332078137	262.0
22.807914803483175	256.0
22.81791827488821	253.0
22.827921746293246	250.0
22.837925217698285	248.0
22.84792868910332	248.0
22.857932160508355	248.0
22.867935631913394	250.0
22.87793910331843	256.0
22.887942574723468	259.0
22.897946046128503	265.0
22.907949517533538	268.0
22.917952988938577	268.0
22.927956460343612	272.0
22.937959931748647	272.0
22.947963403153686	275.0
22.95796687455872	275.0
22.967970345963757	272.0
22.977973817368795	268.0
22.98797728877383	262.0
22.997980760178866	259.0
23.007984231583904	253.0
23.01798770298894	253.0
23.02799117439398	250.0
23.037994645799014	253.0
23.04799811720405	250.0
23.058001588609088	248.0
23.068005060014123	248.0
23.078008531419158	248.0
23.088012002824197	250.0
23.098015474229232	253.0
23.108018945634267	253.0
23.118022417039306	256.0
23.12802588844434	259.0
23.138029359849376	262.0
23.148032831254415	265.0
23.15803630265945	268.0
23.16803977406449	268.0
23.178043245469524	268.0
23.18804671687456	268.0
23.1980501882796	265.0
23.208053659684634	265.0
23.21805713108967	262.0
23.228060602494708	262.0
23.238064073899743	262.0
23.248067545304778	259.0
23.258071016709817	259.0
23.268074488114852	256.0
23.278077959519887	256.0
23.288081430924926	256.0
23.29808490232996	253.0
23.308088373735	253.0
23.318091845140035	253.0
23.32809531654507	253.0
23.33809878795011	256.0
23.348102259355144	256.0
23.35810573076018	259.0
23.36810920216522	262.0
23.378112673570254	265.0
23.38811614497529	268.0
23.398119616380328	275.0
23.408123087785363	278.0
23.418126559190398	281.0
23.428130030595437	284.0
23.438133502000472	284.0
23.44813697340551	284.0
23.458140444810546	281.0
23.46814391621558	278.0
23.47814738762062	272.0
23.488150859025655	262.0
23.49815433043069	256.0
23.50815780183573	248.0
23.518161273240764	239.0
23.5281647446458	231.0
23.53816821605084	228.0
23.548171687455874	226.0
23.55817515886091	223.0
23.568178630265948	223.0
23.578182101670983	223.0
23.588185573076018	223.0
23.598189044481057	223.0
23.608192515886092	223.0
23.61819598729113	223.0
23.628199458696166	223.0
23.6382029301012	223.0
23.64820640150624	223.0
23.658209872911275	220.0
23.66821334431631	218.0
23.67821681572135	218.0
23.688220287126384	218.0
23.69822375853142	218.0
23.70822722993646	218.0
23.718230701341493	220.0
23.72823417274653	223.0
23.738237644151567	223.0
23.748241115556603	223.0
23.75824458696164	226.0
23.768248058366677	226.0
23.778251529771712	226.0
23.78825500117675	223.0
23.798258472581786	223.0
23.80826194398682	220.0
23.81826541539186	220.0
23.828268886796895	220.0
23.83827235820193	220.0
23.84827582960697	220.0
23.858279301012004	220.0
23.86828277241704	223.0
23.878286243822078	223.0
23.888289715227113	163.0
23.898293186632152	163.0
23.908296658037187	163.0
23.918300129442223	167.0
23.92830360084726	173.0
23.938307072252297	177.0
23.948310543657332	187.0
23.95831401506237	190.0
23.968317486467406	190.0
23.97832095787244	192.0
23.98832442927748	192.0
23.998327900682515	194.0
24.00833137208755	194.0
24.01833484349259	196.0
24.028338314897624	196.0
24.038341786302663	196.0
24.048345257707698	199.0
24.058348729112733	199.0
24.068352200517772	201.0
24.078355671922807	201.0
24.088359143327843	201.0
24.09836261473288	201.0
24.108366086137917	201.0
24.11836955754295	201.0
24.12837302894799	201.0
24.138376500353026	201.0
24.14837997175806	199.0
24.1583834431631	199.0
24.168386914568135	196.0
24.178390385973174	196.0
24.18839385737821	196.0
24.198397328783244	196.0
24.208400800188283	199.0
24.218404271593318	201.0
24.228407742998353	206.0
24.238411214403392	208.0
24.248414685808427	208.0
24.258418157213463	206.0
24.2684216286185	206.0
24.278425100023536	203.0
24.28842857142857	203.0
24.29843204283361	201.0
24.308435514238646	201.0
24.318438985643684	199.0
24.32844245704872	199.0
24.338445928453755	199.0
24.348449399858794	199.0
24.35845287126383	201.0
24.368456342668864	201.0
24.378459814073903	203.0
24.388463285478938	0.0
24.398466756883973	0.0
24.408470228289012	0.0
24.418473699694047	0.0
24.428477171099082	0.0
24.43848064250412	0.0
24.448484113909156	0.0
24.458487585314195	0.0
24.46849105671923	245.0
24.478494528124266	248.0
24.488497999529304	250.0
24.49850147093434	250.0
24.508504942339375	253.0
24.518508413744414	253.0
24.52851188514945	253.0
24.538515356554484	253.0
24.548518827959523	253.0
24.558522299364558	250.0
24.568525770769593	250.0
24.578529242174632	250.0
24.588532713579667	250.0
24.598536184984702	253.0
24.60853965638974	253.0
24.618543127794776	253.0
24.628546599199815	253.0
24.63855007060485	253.0
24.648553542009886	253.0
24.658557013414924	0.0
24.66856048481996	0.0
24.678563956224995	0.0
24.688567427630034	0.0
24.69857089903507	0.0
24.708574370440104	0.0
24.718577841845143	0.0
24.728581313250178	0.0
24.738584784655213	0.0
24.748588256060252	0.0
24.758591727465287	0.0
24.768595198870326	0.0
24.77859867027536	113.0
24.788602141680396	113.0
24.798605613085435	113.0
24.80860908449047	113.0
24.818612555895506	113.0
24.828616027300544	0.0
24.83861949870558	0.0
24.848622970110615	0.0
24.858626441515653	0.0
24.86862991292069	0.0
24.878633384325724	0.0
24.888636855730763	0.0
24.898640327135798	0.0
24.908643798540837	0.0
24.918647269945872	0.0
24.928650741350907	0.0
24.938654212755946	0.0
24.94865768416098	0.0
24.958661155566016	0.0
24.968664626971055	298.0
24.97866809837609	298.0
24.988671569781125	298.0
24.998675041186164	298.0
25.0086785125912	298.0
25.018681983996235	298.0
25.028685455401273	298.0
25.03868892680631	298.0
25.048692398211347	298.0
25.058695869616383	298.0
25.068699341021418	298.0
25.078702812426457	298.0
25.088706283831492	294.0
25.098709755236527	145.0
25.108713226641566	144.0
25.1187166980466	142.0
25.128720169451636	140.0
25.138723640856675	140.0
25.14872711226171	140.0
25.158730583666745	140.0
25.168734055071784	140.0
25.17873752647682	139.0
25.188740997881858	137.0
25.198744469286893	134.0
25.20874794069193	129.0
25.218751412096967	316.0
25.228754883502003	319.0
25.238758354907038	319.0
25.248761826312077	319.0
25.25876529771711	319.0
25.268768769122147	308.0
25.278772240527186	291.0
25.28877571193222	281.0
25.298779183337256	272.0
25.308782654742295	262.0
25.31878612614733	256.0
25.32878959755237	256.0
25.338793068957404	253.0
25.34879654036244	253.0
25.358800011767478	253.0
25.368803483172513	253.0
25.37880695457755	253.0
25.388810425982587	253.0
25.398813897387623	256.0
25.408817368792658	250.0
25.418820840197696	250.0
25.42882431160273	250.0
25.438827783007767	256.0
25.448831254412806	265.0
25.45883472581784	272.0
25.46883819722288	281.0
25.478841668627915	281.0
25.48884514003295	275.0
25.49884861143799	268.0
25.508852082843024	262.0
25.51885555424806	259.0
25.528859025653098	256.0
25.538862497058133	250.0
25.54886596846317	250.0
25.558869439868207	248.0
25.568872911273242	248.0
25.578876382678278	248.0
25.588879854083316	250.0
25.59888332548835	253.0
25.608886796893387	262.0
25.618890268298426	262.0
25.62889373970346	265.0
25.6388972111085	265.0
25.648900682513535	265.0
25.65890415391857	268.0
25.66890762532361	268.0
25.678911096728644	268.0
25.68891456813368	268.0
25.698918039538718	268.0
25.708921510943753	265.0
25.71892498234879	262.0
25.728928453753827	262.0
25.738931925158862	259.0
25.748935396563898	259.0
25.758938867968936	248.0
25.76894233937397	248.0
25.77894581077901	248.0
25.788949282184046	248.0
25.79895275358908	248.0
25.80895622499412	248.0
25.818959696399155	250.0
25.82896316780419	256.0
25.83896663920923	259.0
25.848970110614264	262.0
25.8589735820193	265.0
25.868977053424338	268.0
25.878980524829373	268.0
25.88898399623441	268.0
25.898987467639447	268.0
25.908990939044482	268.0
25.91899441044952	268.0
25.928997881854556	265.0
25.93900135325959	265.0
25.94900482466463	262.0
25.959008296069666	259.0
25.9690117674747	259.0
25.97901523887974	256.0
25.989018710284775	256.0
25.99902218168981	253.0
26.00902565309485	256.0
26.019029124499884	256.0
26.02903259590492	0.0
26.039036067309958	0.0
26.049039538714993	0.0
26.059043010120032	0.0
26.069046481525067	0.0
26.079049952930102	0.0
26.08905342433514	0.0
26.099056895740176	0.0
26.10906036714521	0.0
26.11906383855025	0.0
26.129067309955285	0.0
26.13907078136032	0.0
26.14907425276536	0.0
26.159077724170395	0.0
26.16908119557543	0.0
26.17908466698047	0.0
26.189088138385504	0.0
26.199091609790543	0.0
26.209095081195578	0.0
26.219098552600613	0.0
26.229102024005652	0.0
26.239105495410687	0.0
26.249108966815722	0.0
26.25911243822076	0.0
26.269115909625796	0.0
26.27911938103083	0.0
26.28912285243587	0.0
26.299126323840905	0.0
26.30912979524594	0.0
26.31913326665098	0.0
26.329136738056015	0.0
26.339140209461053	0.0
26.34914368086609	0.0
26.359147152271124	0.0
26.369150623676163	0.0
26.379154095081198	0.0
26.389157566486233	0.0
26.39916103789127	0.0
26.409164509296307	0.0
26.419167980701342	0.0
26.42917145210638	0.0
26.439174923511416	0.0
26.44917839491645	0.0
26.45918186632149	0.0
26.469185337726525	0.0
26.479188809131564	0.0
26.4891922805366	0.0
26.499195751941635	220.0
26.509199223346673	223.0
26.51920269475171	223.0
26.529206166156744	223.0
26.539209637561783	226.0
26.549213108966818	226.0
26.559216580371853	226.0
26.56922005177689	223.0
26.579223523181927	223.0
26.589226994586962	0.0
26.599230465992	0.0
26.609233937397036	0.0
26.619237408802075	0.0
26.62924088020711	0.0
26.639244351612145	0.0
26.649247823017184	0.0
26.65925129442222	0.0
26.669254765827255	0.0
26.679258237232293	0.0
26.68926170863733	0.0
26.699265180042364	0.0
26.709268651447402	0.0
26.719272122852438	0.0
26.729275594257473	0.0
26.73927906566251	0.0
26.749282537067547	0.0
26.759286008472582	0.0
26.76928947987762	0.0
26.779292951282656	0.0
26.789296422687695	0.0
26.79929989409273	0.0
26.809303365497765	0.0
26.819306836902804	0.0
26.82931030830784	0.0
26.839313779712874	0.0
26.849317251117913	0.0
26.85932072252295	0.0
26.869324193927984	0.0
26.879327665333022	0.0
26.889331136738058	0.0
26.899334608143093	0.0
26.90933807954813	0.0
26.919341550953167	0.0
26.929345022358206	0.0
26.93934849376324	0.0
26.949351965168276	0.0
26.959355436573315	0.0
26.96935890797835	0.0
26.979362379383385	196.0
26.989365850788424	196.0
26.99936932219346	199.0
27.009372793598494	199.0
27.019376265003533	199.0
27.02937973640857	199.0
27.039383207813604	199.0
27.049386679218642	199.0
27.059390150623678	196.0
27.069393622028716	196.0
27.07939709343375	0.0
27.089400564838787	0.0
27.099404036243826	0.0
27.10940750764886	0.0
27.119410979053896	0.0
27.129414450458935	0.0
27.13941792186397	0.0
27.149421393269005	0.0
27.159424864674044	0.0
27.16942833607908	0.0
27.179431807484114	0.0
27.189435278889153	0.0
27.19943875029419	0.0
27.209442221699227	210.0
27.219445693104262	213.0
27.229449164509298	0.0
27.239452635914336	0.0
27.24945610731937	0.0
27.259459578724407	0.0
27.269463050129445	0.0
27.27946652153448	0.0
27.289469992939516	0.0
27.299473464344555	0.0
27.30947693574959	0.0
27.319480407154625	0.0
27.329483878559664	0.0
27.3394873499647	0.0
27.349490821369738	0.0
27.359494292774773	0.0
27.36949776417981	0.0
27.379501235584847	0.0
27.389504706989882	0.0
27.399508178394917	0.0
27.409511649799956	0.0
27.41951512120499	0.0
27.429518592610027	0.0
27.439522064015065	0.0
27.4495255354201	0.0
27.459529006825136	0.0
27.469532478230175	0.0
27.47953594963521	0.0
27.48953942104025	0.0
27.499542892445284	0.0
27.50954636385032	0.0
27.519549835255358	0.0
27.529553306660393	0.0
27.53955677806543	0.0
27.549560249470467	0.0
27.559563720875502	0.0
27.569567192280537	0.0
27.579570663685576	0.0
27.58957413509061	0.0
27.599577606495647	0.0
27.609581077900685	0.0
27.61958454930572	0.0
27.62958802071076	0.0
27.639591492115795	0.0
27.64959496352083	0.0
27.65959843492587	0.0
27.669601906330904	0.0
27.67960537773594	0.0
27.689608849140978	0.0
27.699612320546013	0.0
27.709615791951048	0.0
27.719619263356087	0.0
27.729622734761122	0.0
27.739626206166157	0.0
27.749629677571196	0.0
27.75963314897623	167.0
27.769636620381267	165.0
27.779640091786305	161.0
27.78964356319134	158.0
27.79964703459638	152.0
27.809650506001415	149.0
27.81965397740645	147.0
27.82965744881149	147.0
27.839660920216524	147.0
27.84966439162156	147.0
27.859667863026598	147.0
27.869671334431633	147.0
27.879674805836668	149.0
27.889678277241707	0.0
27.899681748646742	0.0
27.909685220051777	0.0
27.919688691456816	0.0
27.92969216286185	0.0
27.93969563426689	0.0
27.949699105671925	142.0
27.95970257707696	140.0
27.969706048482	142.0
27.979709519887034	142.0
27.98971299129207	142.0
27.99971646269711	0.0
28.009719934102144	0.0
28.01972340550718	0.0
28.029726876912218	0.0
28.039730348317253	0.0
28.049733819722288	0.0
28.059737291127327	0.0
28.069740762532362	0.0
28.0797442339374	0.0
28.089747705342436	0.0
28.09975117674747	0.0
28.10975464815251	0.0
28.119758119557545	0.0
28.12976159096258	0.0
28.13976506236762	0.0
28.149768533772654	0.0
28.15977200517769	0.0
28.16977547658273	0.0
28.179778947987764	0.0
28.1897824193928	0.0
28.199785890797838	0.0
28.209789362202873	0.0
28.21979283360791	0.0
28.229796305012947	0.0
28.239799776417982	0.0
28.24980324782302	0.0
28.259806719228056	118.0
28.26981019063309	0.0
28.27981366203813	0.0
28.289817133443165	111.0
28.2998206048482	110.0
28.30982407625324	0.0
28.319827547658274	0.0
28.32983101906331	0.0
28.33983449046835	0.0
28.349837961873384	0.0
28.359841433278422	0.0
28.369844904683458	0.0
28.379848376088493	111.0
28.38985184749353	113.0
28.399855318898567	113.0
28.409858790303602	0.0
28.41986226170864	0.0
28.429865733113676	0.0
28.43986920451871	0.0
28.44987267592375	0.0
28.459876147328785	0.0
28.46987961873382	0.0
28.47988309013886	0.0
28.489886561543894	0.0
28.499890032948933	0.0
28.50989350435397	0.0
28.519896975759004	0.0
28.529900447164042	0.0
28.539903918569077	0.0
28.549907389974113	0.0
28.55991086137915	0.0
28.569914332784187	0.0
28.579917804189222	0.0
28.58992127559426	0.0
28.599924746999296	0.0
28.60992821840433	0.0
28.61993168980937	0.0
28.629935161214405	0.0
28.639938632619444	0.0
28.64994210402448	109.0
28.659945575429514	109.0
28.669949046834553	107.0
28.67995251823959	107.0
28.689955989644623	107.0
28.699959461049662	109.0
28.709962932454697	0.0
28.719966403859733	0.0
28.72996987526477	0.0
28.739973346669807	0.0
28.749976818074842	0.0
28.75998028947988	0.0
28.769983760884916	0.0
28.77998723228995	147.0
28.78999070369499	147.0
28.799994175100025	145.0
28.809997646505064	144.0
28.8200011179101	142.0
28.830004589315134	139.0
28.840008060720173	137.0
28.850011532125208	136.0
28.860015003530243	0.0
28.870018474935282	0.0
28.880021946340317	0.0
28.890025417745353	0.0
28.90002888915039	0.0
28.910032360555427	0.0
28.920035831960462	0.0
28.9300393033655	0.0
28.940042774770536	0.0
28.950046246175575	0.0
28.96004971758061	119.0
28.970053188985645	119.0
28.980056660390684	0.0
28.99006013179572	0.0
29.000063603200754	0.0
29.010067074605793	0.0
29.020070546010828	0.0
29.030074017415863	0.0
29.040077488820902	0.0
29.050080960225937	137.0
29.060084431630973	136.0
29.07008790303601	0.0
29.080091374441047	0.0
29.090094845846085	0.0
29.10009831725112	0.0
29.110101788656156	0.0
29.120105260061194	0.0
29.13010873146623	0.0
29.140112202871265	0.0
29.150115674276304	0.0
29.16011914568134	0.0
29.170122617086374	0.0
29.180126088491413	0.0
29.190129559896448	0.0
29.200133031301483	0.0
29.210136502706522	0.0
29.220139974111557	0.0
29.230143445516596	0.0
29.24014691692163	0.0
29.250150388326666	0.0
29.260153859731705	0.0
29.27015733113674	0.0
29.280160802541776	0.0
29.290164273946814	0.0
29.30016774535185	0.0
29.310171216756885	0.0
29.320174688161924	0.0
29.33017815956696	0.0
29.340181630971994	0.0
29.350185102377033	0.0
29.360188573782068	0.0
29.370192045187107	0.0
29.380195516592142	0.0
29.390198987997177	0.0
29.400202459402216	0.0
29.41020593080725	0.0
29.420209402212286	0.0
29.430212873617325	0.0
29.44021634502236	0.0
29.450219816427396	0.0
29.460223287832434	0.0
29.47022675923747	147.0
29.480230230642505	149.0
29.490233702047544	149.0
29.50023717345258	149.0
29.510240644857618	149.0
29.520244116262653	149.0
29.530247587667688	149.0
29.540251059072727	150.0
29.550254530477762	150.0
29.560258001882797	150.0
29.570261473287836	149.0
29.58026494469287	149.0
29.590268416097906	149.0
29.600271887502945	149.0
29.61027535890798	149.0
29.620278830313016	149.0
29.630282301718054	147.0
29.64028577312309	147.0
29.65028924452813	147.0
29.660292715933164	147.0
29.6702961873382	149.0
29.680299658743238	149.0
29.690303130148273	150.0
29.700306601553308	150.0
29.710310072958347	150.0
29.720313544363382	150.0
29.730317015768417	150.0
29.740320487173456	150.0
29.75032395857849	150.0
29.760327429983526	128.0
29.770330901388565	126.0
29.7803343727936	126.0
29.790337844198636	126.0
29.800341315603674	158.0
29.81034478700871	161.0
29.82034825841375	167.0
29.830351729818783	169.0
29.84035520122382	169.0
29.850358672628857	167.0
29.860362144033893	161.0
29.870365615438928	156.0
29.880369086843967	152.0
29.890372558249002	110.0
29.900376029654037	0.0
29.910379501059076	0.0
29.92038297246411	0.0
29.930386443869146	0.0
29.940389915274185	0.0
29.95039338667922	0.0
29.96039685808426	0.0
29.970400329489294	0.0
29.98040380089433	0.0
29.990407272299368	0.0
30.000410743704403	0.0
30.01041421510944	0.0
30.020417686514477	0.0
30.030421157919513	0.0
30.040424629324548	0.0
30.050428100729587	0.0
30.060431572134622	0.0
30.070435043539657	0.0
30.080438514944696	0.0
30.09044198634973	0.0
30.10044545775477	0.0
30.110448929159805	0.0
30.12045240056484	0.0
30.13045587196988	0.0
30.140459343374914	0.0
30.15046281477995	0.0
30.160466286184988	0.0
30.170469757590023	0.0
30.18047322899506	0.0
30.190476700400097	0.0
30.200480171805133	0.0
30.210483643210168	0.0
30.220487114615207	0.0
30.23049058602024	0.0
30.24049405742528	0.0
30.250497528830316	0.0
30.26050100023535	0.0
30.27050447164039	0.0
30.280507943045425	0.0
30.29051141445046	0.0
30.3005148858555	0.0
30.310518357260534	0.0
30.32052182866557	0.0
30.330525300070608	0.0
30.340528771475643	0.0
30.35053224288068	0.0
30.360535714285717	0.0
30.370539185690753	0.0
30.38054265709579	0.0
30.390546128500826	0.0
30.40054959990586	0.0
30.4105530713109	0.0
30.420556542715936	147.0
30.43056001412097	147.0
30.44056348552601	145.0
30.450566956931045	145.0
30.46057042833608	147.0
30.47057389974112	147.0
30.480577371146154	149.0
30.49058084255119	150.0
30.500584313956228	154.0
30.510587785361263	156.0
30.520591256766302	158.0
30.530594728171337	159.0
30.540598199576372	161.0
30.55060167098141	163.0
30.560605142386446	167.0
30.57060861379148	173.0
30.58061208519652	175.0
30.590615556601556	179.0
30.60061902800659	181.0
30.61062249941163	185.0
30.620625970816665	190.0
30.6306294422217	192.0
30.64063291362674	194.0
30.650636385031774	194.0
30.660639856436813	194.0
30.670643327841848	194.0
30.680646799246883	194.0
30.690650270651922	196.0
30.700653742056957	199.0
30.710657213461992	199.0
30.72066068486703	201.0
30.730664156272066	196.0
30.7406676276771	194.0
30.75067109908214	192.0
30.760674570487176	190.0
30.77067804189221	187.0
30.78068151329725	192.0
30.790684984702285	196.0
30.80068845610732	201.0
30.81069192751236	203.0
30.820695398917394	206.0
30.830698870322433	206.0
30.840702341727468	206.0
30.850705813132503	206.0
30.860709284537542	203.0
30.870712755942577	203.0
30.880716227347612	201.0
30.89071969875265	201.0
30.900723170157686	199.0
30.91072664156272	199.0
30.92073011296776	199.0
30.930733584372796	196.0
30.94073705577783	196.0
30.95074052718287	196.0
30.960743998587905	196.0
30.970747469992943	196.0
30.98075094139798	199.0
30.990754412803014	199.0
31.000757884208053	199.0
31.010761355613088	199.0
31.020764827018123	199.0
31.030768298423162	199.0
31.040771769828197	199.0
31.050775241233232	199.0
31.06077871263827	201.0
31.070782184043306	201.0
31.08078565544834	201.0
31.09078912685338	201.0
31.100792598258415	201.0
31.110796069663454	201.0
31.12079954106849	201.0
31.130803012473525	201.0
31.140806483878563	199.0
31.1508099552836	199.0
31.160813426688634	199.0
31.170816898093673	199.0
31.180820369498708	199.0
31.190823840903743	196.0
31.200827312308782	196.0
31.210830783713817	192.0
31.220834255118852	185.0
31.23083772652389	179.0
31.240841197928926	177.0
31.250844669333965	179.0
31.260848140739	179.0
31.270851612144035	181.0
31.280855083549074	192.0
31.29085855495411	199.0
31.300862026359145	201.0
31.310865497764183	213.0
31.32086896916922	109.0
31.330872440574254	110.0
31.340875911979293	114.0
31.350879383384328	115.0
31.360882854789363	199.0
31.3708863261944	199.0
31.380889797599437	196.0
31.390893269004476	196.0
31.40089674040951	194.0
31.410900211814546	194.0
31.420903683219585	177.0
31.43090715462462	175.0
31.440910626029655	171.0
31.450914097434694	167.0
31.46091756883973	165.0
31.470921040244765	165.0
31.480924511649803	163.0
31.49092798305484	163.0
31.500931454459874	161.0
31.510934925864913	161.0
31.520938397269948	107.0
31.530941868674986	107.0
31.54094534008002	109.0
31.550948811485057	109.0
31.560952282890096	150.0
31.57095575429513	150.0
31.580959225700166	149.0
31.590962697105205	110.0
31.60096616851024	110.0
31.610969639915275	111.0
31.620973111320314	113.0
31.63097658272535	113.0
31.640980054130385	113.0
31.650983525535423	111.0
31.66098699694046	110.0
31.670990468345497	110.0
31.680993939750532	109.0
31.690997411155568	109.0
31.701000882560606	109.0
31.71100435396564	109.0
31.721007825370677	0.0
31.731011296775716	0.0
31.74101476818075	0.0
31.751018239585786	0.0
31.761021710990825	0.0
31.77102518239586	0.0
31.781028653800895	0.0
31.791032125205934	154.0
31.80103559661097	154.0
31.811039068016004	154.0
31.821042539421043	154.0
31.83104601082608	154.0
31.841049482231117	156.0
31.851052953636152	158.0
31.861056425041188	158.0
31.871059896446226	158.0
31.88106336785126	158.0
31.891066839256297	158.0
31.901070310661336	158.0
31.91107378206637	156.0
31.921077253471406	154.0
31.931080724876445	152.0
31.94108419628148	150.0
31.951087667686515	150.0
31.961091139091554	150.0
31.97109461049659	150.0
31.981098081901628	149.0
31.991101553306663	145.0
32.0011050247117	145.0
32.011108496116734	156.0
32.02111196752177	156.0
32.03111543892681	156.0
32.041118910331846	156.0
32.05112238173688	156.0
32.06112585314192	158.0
32.07112932454695	159.0
32.081132795951994	159.0
32.09113626735703	159.0
32.101139738762065	159.0
32.1111432101671	158.0
32.121146681572135	158.0
32.13115015297717	158.0
32.14115362438221	158.0
32.15115709578725	158.0
32.16116056719228	158.0
32.17116403859732	158.0
32.18116751000235	158.0
32.191170981407396	156.0
32.20117445281243	154.0
32.211177924217466	154.0
32.2211813956225	154.0
32.23118486702754	0.0
32.24118833843257	0.0
32.251191809837614	158.0
32.26119528124265	159.0
32.271198752647685	161.0
32.28120222405272	161.0
32.291205695457755	163.0
32.30120916686279	163.0
32.31121263826783	163.0
32.32121610967287	161.0
32.3312195810779	109.0
32.34122305248294	110.0
32.35122652388797	111.0
32.361229995293016	113.0
32.37123346669805	114.0
32.381236938103086	0.0
32.39124040950812	0.0
32.40124388091316	0.0
32.41124735231819	0.0
32.421250823723234	0.0
32.43125429512827	0.0
32.441257766533305	113.0
32.45126123793834	111.0
32.461264709343375	0.0
32.47126818074842	0.0
32.48127165215345	0.0
32.49127512355849	147.0
32.50127859496352	147.0
32.51128206636856	149.0
32.52128553777359	149.0
32.531289009178636	147.0
32.54129248058367	147.0
32.551295951988706	147.0
32.56129942339374	147.0
32.57130289479878	147.0
32.58130636620381	147.0
32.591309837608854	147.0
32.60131330901389	0.0
32.611316780418925	0.0
32.62132025182396	0.0
32.631323723228995	149.0
32.64132719463404	149.0
32.65133066603907	0.0
32.66133413744411	0.0
32.67133760884914	0.0
32.68134108025418	149.0
32.69134455165921	149.0
32.701348023064256	145.0
32.71135149446929	144.0
32.721354965874326	144.0
32.73135843727936	0.0
32.7413619086844	0.0
32.75136538008944	0.0
32.761368851494474	0.0
32.77137232289951	0.0
32.781375794304545	0.0
32.79137926570958	0.0
32.801382737114615	0.0
32.81138620851966	0.0
32.82138967992469	0.0
32.83139315132973	0.0
32.84139662273476	0.0
32.8514000941398	0.0
32.86140356554483	0.0
32.871407036949876	0.0
32.88141050835491	0.0
32.891413979759946	0.0
32.90141745116498	0.0
32.91142092257002	0.0
32.92142439397506	0.0
32.931427865380094	0.0
32.94143133678513	149.0
32.951434808190164	149.0
32.9614382795952	149.0
32.971441751000235	149.0
32.98144522240528	149.0
32.99144869381031	149.0
33.00145216521535	147.0
33.01145563662038	0.0
33.02145910802542	0.0
33.03146257943045	0.0
33.041466050835496	0.0
33.05146952224053	0.0
33.061472993645566	0.0
33.0714764650506	0.0
33.08147993645564	0.0
33.09148340786068	0.0
33.101486879265714	0.0
33.11149035067075	0.0
33.121493822075784	0.0
33.13149729348082	0.0
33.141500764885855	0.0
33.1515042362909	0.0
33.16150770769593	0.0
33.17151117910097	0.0
33.181514650506	0.0
33.19151812191104	0.0
33.20152159331608	0.0
33.211525064721116	0.0
33.22152853612615	0.0
33.231532007531186	0.0
33.24153547893622	0.0
33.251538950341256	0.0
33.2615424217463	0.0
33.271545893151334	121.0
33.28154936455637	121.0
33.291552835961404	0.0
33.30155630736644	0.0
33.311559778771475	0.0
33.32156325017652	0.0
33.33156672158155	0.0
33.34157019298659	0.0
33.35157366439162	0.0
33.36157713579666	0.0
33.3715806072017	0.0
33.381584078606735	0.0
33.39158755001177	0.0
33.401591021416806	0.0
33.41159449282184	0.0
33.421597964226876	0.0
33.43160143563192	0.0
33.441604907036954	0.0
33.45160837844199	0.0
33.461611849847024	0.0
33.47161532125206	0.0
33.4816187926571	0.0
33.49162226406214	0.0
33.50162573546717	0.0
33.51162920687221	0.0
33.52163267827724	0.0
33.53163614968228	0.0
33.54163962108732	0.0
33.551643092492355	0.0
33.56164656389739	0.0
33.571650035302426	0.0
33.58165350670746	0.0
33.591656978112496	0.0
33.60166044951754	0.0
33.611663920922574	0.0
33.62166739232761	0.0
33.631670863732644	0.0
33.64167433513768	0.0
33.65167780654272	0.0
33.66168127794776	0.0
33.67168474935279	0.0
33.68168822075783	0.0
33.69169169216286	0.0
33.7016951635679	0.0
33.71169863497294	0.0
33.721702106377975	0.0
33.73170557778301	0.0
33.741709049188046	0.0
33.75171252059308	0.0
33.76171599199812	0.0
33.77171946340316	0.0
33.781722934808194	0.0
33.79172640621323	0.0
33.801729877618264	0.0
33.8117333490233	0.0
33.82173682042834	0.0
33.83174029183338	0.0
33.84174376323841	0.0
33.85174723464345	0.0
33.86175070604848	0.0
33.87175417745352	0.0
33.88175764885856	0.0
33.891761120263595	0.0
33.90176459166863	0.0
33.911768063073666	0.0
33.9217715344787	0.0
33.93177500588374	0.0
33.94177847728878	0.0
33.951781948693814	0.0
33.96178542009885	0.0
33.971788891503884	0.0
33.98179236290892	0.0
33.99179583431396	0.0
34.001799305719	0.0
34.01180277712403	0.0
34.02180624852907	0.0
34.0318097199341	0.0
34.04181319133914	0.0
34.05181666274418	0.0
34.061820134149215	0.0
34.07182360555425	0.0
34.081827076959286	0.0
34.09183054836432	0.0
34.10183401976936	0.0
34.1118374911744	0.0
34.121840962579434	0.0
34.13184443398447	0.0
34.141847905389504	0.0
34.15185137679454	0.0
34.16185484819958	0.0
34.17185831960462	0.0
34.18186179100965	0.0
34.19186526241469	0.0
34.20186873381972	0.0
34.211872205224765	0.0
34.2218756766298	0.0
34.231879148034835	0.0
34.24188261943987	0.0
34.251886090844906	0.0
34.26188956224994	0.0
34.27189303365498	0.0
34.28189650506002	0.0
34.291899976465054	0.0
34.30190344787009	0.0
34.311906919275124	0.0
34.32191039068016	0.0
34.3319138620852	0.0
34.34191733349024	0.0
34.35192080489527	0.0
34.36192427630031	0.0
34.37192774770534	0.0
34.381931219110385	0.0
34.39193469051542	0.0
34.401938161920455	0.0
34.41194163332549	0.0
34.421945104730526	0.0
34.43194857613556	0.0
34.4419520475406	0.0
34.45195551894564	0.0
34.461958990350674	0.0
34.47196246175571	0.0
34.481965933160744	0.0
34.491969404565786	0.0
34.50197287597082	0.0
34.51197634737586	0.0
34.52197981878089	0.0
34.53198329018593	0.0
34.54198676159096	0.0
34.551990232996005	0.0
34.56199370440104	0.0
34.571997175806075	0.0
34.58200064721111	0.0
34.592004118616146	0.0
34.60200759002118	0.0
34.61201106142622	0.0
34.62201453283126	0.0
34.63201800423629	0.0
34.64202147564133	0.0
34.652024947046364	0.0
34.662028418451406	0.0
34.67203188985644	0.0
34.68203536126148	0.0
34.69203883266651	0.0
34.70204230407155	0.0
34.71204577547658	0.0
34.722049246881625	0.0
34.73205271828666	0.0
34.742056189691695	0.0
34.75205966109673	0.0
34.762063132501765	0.0
34.77206660390681	0.0
34.78207007531184	0.0
34.79207354671688	0.0
34.80207701812191	0.0
34.81208048952695	0.0
34.822083960931984	0.0
34.832087432337026	0.0
34.84209090374206	0.0
34.8520943751471	0.0
34.86209784655213	0.0
34.87210131795717	0.0
34.8821047893622	0.0
34.892108260767245	0.0
34.90211173217228	0.0
34.912115203577315	0.0
34.92211867498235	0.0
34.932122146387385	0.0
34.94212561779243	0.0
34.95212908919746	0.0
34.9621325606025	0.0
34.97213603200753	0.0
34.98213950341257	0.0
34.992142974817604	0.0
35.002146446222646	0.0
35.01214991762768	0.0
35.02215338903272	0.0
35.03215686043775	0.0
35.04216033184279	0.0
35.05216380324782	0.0
35.062167274652865	0.0
35.0721707460579	0.0
35.082174217462935	0.0
35.09217768886797	0.0
35.102181160273005	0.0
35.11218463167805	0.0
35.12218810308308	0.0
35.13219157448812	0.0
35.14219504589315	0.0
35.15219851729819	0.0
35.162201988703224	0.0
35.172205460108266	0.0
35.1822089315133	0.0
35.19221240291834	0.0
35.20221587432337	0.0
35.21221934572841	0.0
35.22222281713345	0.0
35.232226288538484	0.0
35.24222975994352	0.0
35.252233231348555	0.0
35.26223670275359	0.0
35.272240174158625	0.0
35.28224364556367	0.0
35.2922471169687	0.0
35.30225058837374	0.0
35.31225405977877	0.0
35.32225753118381	0.0
35.332261002588844	0.0
35.342264473993886	0.0
35.35226794539892	0.0
35.36227141680396	0.0
35.37227488820899	0.0
35.38227835961403	0.0
35.39228183101907	0.0
35.402285302424104	0.0
35.41228877382914	0.0
35.422292245234175	0.0
35.43229571663921	0.0
35.442299188044245	0.0
35.45230265944929	0.0
35.46230613085432	0.0
35.47230960225936	0.0
35.48231307366439	0.0
35.49231654506943	0.0
35.50232001647447	0.0
35.512323487879506	0.0
35.52232695928454	0.0
35.532330430689576	0.0
35.54233390209461	0.0
35.55233737349965	0.0
35.56234084490469	0.0
35.572344316309724	0.0
35.58234778771476	0.0
35.592351259119795	0.0
35.60235473052483	0.0
35.612358201929865	0.0
35.62236167333491	0.0
35.63236514473994	0.0
35.64236861614498	0.0
35.65237208755001	0.0
35.66237555895505	0.0
35.67237903036009	0.0
35.682382501765126	0.0
35.69238597317016	0.0
35.702389444575196	0.0
35.71239291598023	0.0
35.72239638738527	0.0
35.73239985879031	0.0
35.742403330195344	0.0
35.75240680160038	0.0
35.762410273005415	0.0
35.77241374441045	0.0
35.78241721581549	0.0
35.79242068722053	0.0
35.80242415862556	0.0
35.8124276300306	0.0
35.82243110143563	0.0
35.83243457284067	0.0
35.84243804424571	0.0
35.852441515650746	0.0
35.86244498705578	0.0
35.872448458460816	0.0
35.88245192986585	0.0
35.89245540127089	0.0
35.90245887267593	0.0
35.912462344080964	0.0
35.922465815486	0.0
35.932469286891035	0.0
35.94247275829607	0.0
35.95247622970111	0.0
35.96247970110615	0.0
35.97248317251118	0.0
35.98248664391622	0.0
35.99249011532125	0.0
36.00249358672629	0.0
36.01249705813133	0.0
36.022500529536366	0.0
36.0325040009414	0.0
36.042507472346436	0.0
36.05251094375147	0.0
36.06251441515651	0.0
36.07251788656155	0.0
36.082521357966584	0.0
36.09252482937162	0.0
36.102528300776655	0.0
36.11253177218169	0.0
36.12253524358673	0.0
36.13253871499177	0.0
36.1425421863968	0.0
36.15254565780184	0.0
36.16254912920687	0.0
36.17255260061191	0.0
36.18255607201695	0.0
36.192559543421986	0.0
36.20256301482702	0.0
36.212566486232056	0.0
36.22256995763709	0.0
36.232573429042134	0.0
36.24257690044717	0.0
36.252580371852204	0.0
36.26258384325724	0.0
36.272587314662275	0.0
36.28259078606731	0.0
36.29259425747235	0.0
36.30259772887739	0.0
36.31260120028242	0.0
36.32260467168746	0.0
36.33260814309249	0.0
36.34261161449753	0.0
36.35261508590257	0.0
36.362618557307606	0.0
36.37262202871264	0.0
36.382625500117676	0.0
36.39262897152271	0.0
36.402632442927754	0.0
36.41263591433279	0.0
36.422639385737824	0.0
36.43264285714286	0.0
36.442646328547895	0.0
36.45264979995293	0.0
36.46265327135797	0.0
36.47265674276301	0.0
36.48266021416804	0.0
36.49266368557308	0.0
36.50266715697811	0.0
36.512670628383155	0.0
36.52267409978819	0.0
36.532677571193226	0.0
36.54268104259826	0.0
36.552684514003296	0.0
36.56268798540833	0.0
36.572691456813374	0.0
36.58269492821841	0.0
36.592698399623444	0.0
36.60270187102848	0.0
36.612705342433514	0.0
36.62270881383855	0.0
36.63271228524359	0.0
36.64271575664863	0.0
36.65271922805366	0.0
36.6627226994587	0.0
36.67272617086373	0.0
36.682729642268775	0.0
36.69273311367381	0.0
36.702736585078846	0.0
36.71274005648388	0.0
36.722743527888916	0.0
36.73274699929395	0.0
36.742750470698994	0.0
36.75275394210403	0.0
36.762757413509064	0.0
36.7727608849141	0.0
36.782764356319134	0.0
36.79276782772418	0.0
36.80277129912921	0.0
36.81277477053425	0.0
36.82277824193928	0.0
36.83278171334432	0.0
36.84278518474935	0.0
36.852788656154395	0.0
36.86279212755943	0.0
36.872795598964466	0.0
36.8827990703695	0.0
36.892802541774536	0.0
36.90280601317957	0.0
36.91280948458461	0.0
36.92281295598965	0.0
36.932816427394684	0.0
36.94281989879972	0.0
36.952823370204754	0.0
36.9628268416098	0.0
36.97283031301483	0.0
36.98283378441987	0.0
36.9928372558249	0.0
37.00284072722994	0.0
37.01284419863497	0.0
37.022847670040015	0.0
37.03285114144505	0.0
37.042854612850086	0.0
37.05285808425512	0.0
37.062861555660156	0.0
37.07286502706519	0.0
37.08286849847023	0.0
37.09287196987527	0.0
37.102875441280304	0.0
37.11287891268534	0.0
37.122882384090374	0.0
37.13288585549542	0.0
37.14288932690045	0.0
37.15289279830549	0.0
37.16289626971052	0.0
37.17289974111556	0.0
37.18290321252059	0.0
37.192906683925635	0.0
37.20291015533067	0.0
37.212913626735705	0.0
37.22291709814074	0.0
37.232920569545776	0.0
37.24292404095082	0.0
37.25292751235585	0.0
37.26293098376089	0.0
37.272934455165924	0.0
37.28293792657096	0.0
37.292941397975994	0.0
37.30294486938104	0.0
37.31294834078607	0.0
37.32295181219111	0.0
37.33295528359614	0.0
37.34295875500118	0.0
37.35296222640621	0.0
37.362965697811255	0.0
37.37296916921629	0.0
37.382972640621325	0.0
37.39297611202636	0.0
37.402979583431396	0.0
37.41298305483644	0.0
37.42298652624147	0.0
37.43298999764651	0.0
37.442993469051544	0.0
37.45299694045658	0.0
37.463000411861614	0.0
37.47300388326666	0.0
37.48300735467169	0.0
37.49301082607673	0.0
37.50301429748176	0.0
37.5130177688868	0.0
37.52302124029184	0.0
37.533024711696875	0.0
37.54302818310191	0.0
37.553031654506945	0.0
37.56303512591198	0.0
37.573038597317016	0.0
37.58304206872206	0.0
37.59304554012709	0.0
37.60304901153213	0.0
37.613052482937164	0.0
37.6230559543422	0.0
37.633059425747234	0.0
37.64306289715228	0.0
37.65306636855731	0.0
37.66306983996235	0.0
37.67307331136738	0.0
37.68307678277242	0.0
37.69308025417746	0.0
37.703083725582495	0.0
37.71308719698753	0.0
37.723090668392565	0.0
37.7330941397976	0.0
37.743097611202636	0.0
37.75310108260768	0.0
37.76310455401271	0.0
37.77310802541775	0.0
37.783111496822784	0.0
37.79311496822782	0.0
37.80311843963286	0.0
37.813121911037896	0.0
37.82312538244293	0.0
37.83312885384797	0.0
37.843132325253	0.0
37.85313579665804	0.0
37.86313926806308	0.0
37.873142739468115	0.0
37.88314621087315	0.0
37.893149682278185	0.0
37.90315315368322	0.0
37.913156625088256	0.0
37.9231600964933	0.0
37.93316356789833	0.0
37.94316703930337	0.0
37.953170510708404	0.0
37.96317398211344	0.0
37.97317745351848	0.0
37.983180924923516	0.0
37.99318439632855	0.0
38.00318786773359	0.0
38.01319133913862	0.0
38.02319481054366	0.0
38.0331982819487	0.0
38.043201753353735	0.0
38.05320522475877	0.0
38.063208696163805	0.0
38.07321216756884	0.0
38.083215638973876	0.0
38.09321911037892	0.0
38.10322258178395	0.0
38.11322605318899	0.0
38.123229524594024	0.0
38.13323299599906	0.0
38.1432364674041	0.0
38.153239938809136	0.0
38.16324341021417	0.0
38.17324688161921	0.0
38.18325035302424	0.0
38.19325382442928	0.0
38.20325729583432	0.0
38.213260767239355	0.0
38.22326423864439	0.0
38.233267710049425	0.0
38.24327118145446	0.0
38.2532746528595	0.0
38.26327812426454	0.0
38.27328159566957	0.0
38.28328506707461	0.0
38.29328853847964	0.0
38.30329200988468	0.0
38.31329548128972	0.0
38.323298952694756	0.0
38.33330242409979	0.0
38.34330589550483	0.0
38.35330936690986	0.0
38.3633128383149	0.0
38.37331630971994	0.0
38.383319781124975	0.0
38.39332325253001	0.0
38.403326723935045	0.0
38.41333019534008	0.0
38.42333366674512	0.0
38.43333713815016	0.0
38.44334060955519	0.0
38.45334408096023	0.0
38.46334755236526	0.0
38.4733510237703	0.0
38.48335449517534	0.0
38.493357966580376	0.0
38.50336143798541	0.0
38.51336490939045	0.0
38.52336838079548	0.0
38.533371852200524	0.0
38.54337532360556	0.0
38.553378795010595	0.0
38.56338226641563	0.0
38.573385737820665	0.0
38.5833892092257	0.0
38.59339268063074	0.0
38.60339615203578	0.0
38.61339962344081	0.0
38.62340309484585	0.0
38.63340656625088	0.0
38.64341003765592	0.0
38.65341350906096	0.0
38.663416980465996	0.0
38.67342045187103	0.0
38.68342392327607	0.0
38.6934273946811	0.0
38.703430866086144	0.0
38.71343433749118	0.0
38.723437808896215	0.0
38.73344128030125	0.0
38.743444751706285	0.0
38.75344822311132	0.0
38.76345169451636	0.0
38.7734551659214	0.0
38.78345863732643	0.0
38.79346210873147	0.0
38.8034655801365	0.0
38.813469051541546	0.0
38.82347252294658	0.0
38.833475994351616	0.0
38.84347946575665	0.0
38.85348293716169	0.0
38.86348640856672	0.0
38.873489879971764	0.0
38.8834933513768	0.0
38.893496822781835	0.0
38.90350029418687	0.0
38.913503765591905	0.0
38.92350723699694	0.0
38.93351070840198	0.0
38.94351417980702	0.0
38.95351765121205	0.0
38.96352112261709	0.0
38.97352459402212	0.0
38.983528065427166	0.0
38.9935315368322	0.0
39.003535008237236	0.0
39.01353847964227	0.0
39.02354195104731	0.0
39.03354542245234	0.0
39.043548893857384	0.0
39.05355236526242	0.0
39.063555836667454	0.0
39.07355930807249	0.0
39.083562779477525	0.0
39.09356625088256	0.0
39.1035697222876	0.0
39.11357319369264	0.0
39.12357666509767	0.0
39.13358013650271	0.0
39.14358360790774	0.0
39.153587079312786	0.0
39.16359055071782	0.0
39.173594022122856	0.0
39.18359749352789	0.0
39.193600964932926	0.0
39.20360443633796	0.0
39.213607907743004	0.0
39.22361137914804	0.0
39.233614850553074	0.0
39.24361832195811	0.0
39.253621793363145	0.0
39.26362526476819	0.0
39.27362873617322	0.0
39.28363220757826	0.0
39.29363567898329	0.0
39.30363915038833	0.0
39.31364262179336	0.0
39.323646093198406	0.0
39.33364956460344	0.0
39.343653036008476	0.0
39.35365650741351	0.0
39.363659978818546	0.0
39.37366345022358	0.0
39.383666921628624	0.0
39.39367039303366	0.0
39.403673864438694	0.0
39.41367733584373	0.0
39.423680807248765	0.0
39.43368427865381	0.0
39.44368775005884	0.0
39.45369122146388	0.0
39.46369469286891	0.0
39.47369816427395	0.0
39.48370163567898	0.0
39.493705107084025	0.0
39.50370857848906	0.0
39.513712049894096	0.0
39.52371552129913	0.0
39.533718992704166	0.0
39.54372246410921	0.0
39.553725935514244	0.0
39.56372940691928	0.0
39.573732878324314	0.0
39.58373634972935	0.0
39.593739821134385	0.0
39.60374329253943	0.0
39.61374676394446	0.0
39.6237502353495	0.0
39.63375370675453	0.0
39.64375717815957	0.0
39.6537606495646	0.0
39.663764120969645	0.0
39.67376759237468	0.0
39.683771063779716	0.0
39.69377453518475	0.0
39.703778006589786	0.0
39.71378147799483	0.0
39.723784949399864	121.0
39.7337884208049	119.0
39.743791892209934	118.0
39.75379536361497	118.0
39.763798835020005	118.0
39.77380230642505	118.0
39.78380577783008	117.0
39.79380924923512	115.0
39.80381272064015	114.0
39.81381619204519	0.0
39.82381966345023	0.0
39.833823134855265	0.0
39.8438266062603	0.0
39.853830077665336	0.0
39.86383354907037	0.0
39.873837020475406	0.0
39.88384049188045	0.0
39.893843963285484	0.0
39.90384743469052	0.0
39.913850906095554	0.0
39.92385437750059	0.0
39.933857848905625	0.0
39.94386132031067	0.0
39.9538647917157	0.0
39.96386826312074	0.0
39.97387173452577	0.0
39.98387520593081	0.0
39.99387867733585	0.0
40.003882148740885	0.0
40.01388562014592	0.0
40.023889091550956	0.0
40.03389256295599	0.0
40.043896034361026	0.0
40.05389950576607	0.0
40.063902977171104	0.0
40.07390644857614	0.0
40.083909919981174	0.0
40.09391339138621	0.0
40.103916862791245	181.0
40.11392033419629	181.0
40.12392380560132	177.0
40.13392727700636	0.0
40.14393074841139	0.0
40.15393421981643	0.0
40.16393769122147	0.0
40.173941162626505	0.0
40.18394463403154	0.0
40.193948105436576	0.0
40.20395157684161	0.0
40.213955048246646	0.0
40.22395851965169	0.0
40.233961991056724	0.0
40.24396546246176	0.0
40.253968933866794	0.0
40.26397240527183	0.0
40.27397587667687	0.0
40.28397934808191	0.0
40.29398281948694	0.0
40.30398629089198	0.0
40.31398976229701	0.0
40.32399323370205	0.0
40.33399670510709	0.0
40.344000176512125	0.0
40.35400364791716	0.0
40.364007119322196	0.0
40.37401059072723	0.0
40.384014062132266	0.0
40.39401753353731	0.0
40.404021004942344	0.0
40.41402447634738	0.0
40.424027947752414	0.0
40.43403141915745	0.0
40.44403489056249	0.0
40.45403836196753	0.0
40.46404183337256	0.0
40.4740453047776	0.0
40.48404877618263	0.0
40.49405224758767	0.0
40.50405571899271	0.0
40.514059190397745	0.0
40.52406266180278	0.0
40.534066133207816	0.0
40.54406960461285	0.0
40.55407307601789	0.0
40.56407654742293	0.0
40.574080018827964	0.0
40.584083490233	0.0
40.594086961638034	0.0
40.60409043304307	0.0
40.61409390444811	0.0
40.62409737585315	0.0
40.63410084725818	0.0
40.64410431866322	0.0
40.65410779006825	0.0
40.66411126147329	0.0
40.67411473287833	0.0
40.684118204283365	0.0
40.6941216756884	0.0
40.704125147093436	0.0
40.71412861849847	0.0
40.72413208990351	0.0
40.73413556130855	0.0
40.74413903271358	0.0
40.75414250411862	0.0
40.764145975523654	0.0
40.77414944692869	0.0
40.78415291833373	0.0
40.79415638973877	0.0
40.8041598611438	0.0
40.81416333254884	0.0
40.82416680395387	0.0
40.834170275358915	0.0
40.84417374676395	0.0
40.854177218168985	0.0
40.86418068957402	0.0
40.874184160979055	0.0
40.88418763238409	0.0
40.89419110378913	0.0
40.90419457519417	0.0
40.9141980465992	0.0
40.92420151800424	0.0
40.934204989409274	0.0
40.94420846081431	0.0
40.95421193221935	0.0
40.96421540362439	0.0
40.97421887502942	0.0
40.98422234643446	0.0
40.99422581783949	0.0
41.004229289244535	0.0
41.01423276064957	0.0
41.024236232054605	0.0
41.03423970345964	0.0
41.044243174864675	0.0
41.05424664626971	0.0
41.06425011767475	0.0
41.07425358907979	0.0
41.08425706048482	0.0
41.09426053188986	0.0
41.104264003294894	0.0
41.11426747469993	0.0
41.12427094610497	0.0
41.13427441751001	0.0
41.14427788891504	0.0
41.15428136032008	0.0
41.16428483172511	0.0
41.174288303130155	0.0
41.18429177453519	0.0
41.194295245940225	0.0
41.20429871734526	0.0
41.214302188750295	0.0
41.22430566015533	0.0
41.23430913156037	0.0
41.24431260296541	0.0
41.25431607437044	0.0
41.26431954577548	0.0
41.274323017180514	0.0
41.284326488585556	0.0
41.29432995999059	0.0
41.30433343139563	0.0
41.31433690280066	0.0
41.3243403742057	0.0
41.33434384561073	0.0
41.344347317015774	0.0
41.35435078842081	0.0
41.364354259825845	0.0
41.37435773123088	0.0
41.384361202635915	0.0
41.39436467404095	0.0
41.40436814544599	0.0
41.41437161685103	0.0
41.42437508825606	0.0
41.4343785596611	0.0
41.444382031066134	0.0
41.454385502471176	0.0
41.46438897387621	0.0
41.47439244528125	0.0
41.48439591668628	0.0
41.49439938809132	0.0
41.50440285949635	0.0
41.514406330901394	0.0
41.52440980230643	0.0
41.534413273711465	0.0
41.5444167451165	0.0
41.554420216521535	0.0
41.56442368792658	0.0
41.57442715933161	0.0
41.58443063073665	0.0
41.59443410214168	0.0
41.60443757354672	0.0
41.614441044951754	0.0
41.624444516356796	0.0
41.63444798776183	0.0
41.644451459166866	0.0
41.6544549305719	0.0
41.66445840197694	0.0
41.67446187338197	0.0
41.684465344787014	0.0
41.69446881619205	0.0
41.704472287597085	0.0
41.71447575900212	0.0
41.724479230407155	0.0
41.7344827018122	0.0
41.74448617321723	0.0
41.75448964462227	0.0
41.7644931160273	0.0
41.77449658743234	0.0
41.784500058837374	0.0
41.794503530242416	0.0
41.80450700164745	0.0
41.814510473052486	0.0
41.82451394445752	0.0
41.83451741586256	0.0
41.8445208872676	0.0
41.854524358672634	0.0
41.86452783007767	0.0
41.874531301482705	0.0
41.88453477288774	0.0
41.894538244292775	0.0
41.90454171569782	0.0
41.91454518710285	0.0
41.92454865850789	0.0
41.93455212991292	0.0
41.94455560131796	0.0
41.954559072722994	0.0
41.964562544128036	0.0
41.97456601553307	0.0
41.984569486938106	0.0
41.99457295834314	0.0
42.00457642974818	0.0
42.01457990115322	0.0
42.024583372558254	0.0
42.03458684396329	0.0
42.044590315368325	0.0
42.05459378677336	0.0
42.064597258178395	0.0
42.07460072958344	0.0
42.08460420098847	0.0
42.09460767239351	0.0
42.10461114379854	0.0
42.11461461520358	0.0
42.12461808660861	0.0
42.134621558013656	0.0
42.14462502941869	0.0
42.154628500823726	0.0
42.16463197222876	0.0
42.1746354436338	0.0
42.18463891503884	0.0
42.194642386443874	0.0
42.20464585784891	0.0
42.214649329253945	0.0
42.22465280065898	0.0
42.234656272064015	0.0
42.24465974346906	0.0
42.25466321487409	0.0
42.26466668627913	0.0
42.27467015768416	0.0
42.2846736290892	0.0
42.29467710049424	0.0
42.304680571899276	0.0
42.31468404330431	0.0
42.324687514709346	0.0
42.33469098611438	0.0
42.34469445751942	0.0
42.35469792892446	0.0
42.364701400329494	0.0
42.37470487173453	0.0
42.384708343139565	0.0
42.3947118145446	0.0
42.404715285949635	0.0
42.41471875735468	0.0
42.42472222875971	0.0
42.43472570016475	0.0
42.44472917156978	0.0
42.45473264297482	0.0
42.46473611437986	0.0
42.474739585784896	0.0
42.48474305718993	0.0
42.494746528594966	0.0
42.50475	0.0
